date,Close,Open,High,Low,Change,Change value,press_c,0_percent_c,1_percent_c,2_percent_c,뉴스개수_c,press_f,0_percent_f,1_percent_f,2_percent_f,뉴스개수_f,부정_c,긍정_c,중립_c,부정_f,긍정_f,중립_f
20210601,1108.38,1108.08,1110.59,1104.69,0.0016,1.800000000000182,일반언론,0.2702702702702703,0.10270270270270271,0.6270270270270271,740.0,네이버금융,0.35714285714285715,0.5,0.14285714285714285,14.0,200.0,76.0,464.0,5.0,7.0,2.0
20210602,1110.92,1108.49,1114.81,1106.78,0.0023,2.539999999999964,일반언론,0.2536656891495601,0.12316715542521994,0.6231671554252199,682.0,네이버금융,0.5,0.3888888888888889,0.1111111111111111,18.0,173.0,84.0,425.0,9.0,7.0,2.0
20210603,1116.46,1111.1,1118.82,1108.86,0.005,5.539999999999964,일반언론,0.2594670406732118,0.09957924263674614,0.6409537166900421,713.0,네이버금융,0.15789473684210525,0.7368421052631579,0.10526315789473684,19.0,185.0,71.0,457.0,3.0,14.0,2.0
20210604,1110.52,1116.64,1119.51,1108.77,-0.0053,-5.940000000000055,일반언론,0.2562326869806094,0.1260387811634349,0.6177285318559557,722.0,네이버금융,0.7894736842105263,0.10526315789473684,0.10526315789473684,19.0,185.0,91.0,446.0,15.0,2.0,2.0
20210607,1110.62,1110.68,1114.53,1109.07,0.0001,0.099999999999909,일반언론,0.2923809523809524,0.09904761904761905,0.6085714285714285,1050.0,네이버금융,0.43478260869565216,0.391304347826087,0.17391304347826086,23.0,307.0,104.0,639.0,10.0,9.0,4.0
20210608,1117.72,1110.8,1118.81,1108.99,0.0064,7.100000000000136,일반언론,0.2624113475177305,0.1148936170212766,0.6226950354609929,705.0,네이버금융,0.55,0.1,0.35,20.0,185.0,81.0,439.0,11.0,2.0,7.0
20210609,1115.61,1117.72,1119.02,1112.3,-0.0019,-2.1100000000001278,일반언론,0.29108635097493035,0.11977715877437325,0.5891364902506964,718.0,네이버금융,0.625,0.1875,0.1875,16.0,209.0,86.0,423.0,10.0,3.0,3.0
20210610,1112.32,1117.03,1119.26,1111.93,-0.0029,-3.289999999999964,일반언론,0.2679355783308931,0.13177159590043924,0.6002928257686676,683.0,네이버금융,0.631578947368421,0.05263157894736842,0.3157894736842105,19.0,183.0,90.0,410.0,12.0,1.0,6.0
20210611,1116.4,1112.56,1118.54,1109.25,0.0037,4.080000000000155,일반언론,0.23295454545454544,0.10653409090909091,0.6605113636363636,704.0,네이버금융,0.5263157894736842,0.3157894736842105,0.15789473684210525,19.0,164.0,75.0,465.0,10.0,6.0,3.0
20210614,1116.33,1116.55,1120.05,1114.45,-0.0001,-0.0700000000001637,일반언론,0.2755102040816326,0.09369202226345083,0.6307977736549165,1078.0,네이버금융,0.4090909090909091,0.22727272727272727,0.36363636363636365,22.0,297.0,101.0,680.0,9.0,5.0,8.0
20210615,1117.09,1117.33,1119.39,1116.14,0.0007,0.7599999999999909,일반언론,0.2178932178932179,0.1038961038961039,0.6782106782106783,693.0,네이버금융,0.3,0.5,0.2,20.0,151.0,72.0,470.0,6.0,10.0,4.0
20210616,1132.68,1118.09,1137.17,1115.74,0.0139999999999999,15.590000000000146,일반언론,0.23809523809523808,0.10714285714285714,0.6547619047619048,672.0,네이버금융,0.2631578947368421,0.42105263157894735,0.3157894736842105,19.0,160.0,72.0,440.0,5.0,8.0,6.0
20210617,1134.3,1132.84,1137.0,1127.35,0.0014,1.6199999999998909,일반언론,0.26207906295754024,0.10248901903367497,0.6354319180087847,683.0,네이버금융,0.5,0.2222222222222222,0.2777777777777778,18.0,179.0,70.0,434.0,9.0,4.0,5.0
20210618,1134.94,1134.47,1138.14,1128.06,0.0006,0.6400000000001,일반언론,0.2524682651622003,0.10437235543018336,0.6431593794076164,709.0,네이버금융,0.47368421052631576,0.2631578947368421,0.2631578947368421,19.0,179.0,74.0,456.0,9.0,5.0,5.0
20210621,1131.4,1135.24,1139.47,1130.91,-0.0031,-3.539999999999964,일반언론,0.31309297912713474,0.0920303605313093,0.594876660341556,1054.0,네이버금융,0.5454545454545454,0.2727272727272727,0.18181818181818182,22.0,330.0,97.0,627.0,12.0,6.0,4.0
20210622,1133.57,1131.57,1138.81,1130.35,0.0019,2.1699999999998454,일반언론,0.2895480225988701,0.1228813559322034,0.5875706214689266,708.0,네이버금융,0.3,0.5,0.2,20.0,205.0,87.0,416.0,6.0,10.0,4.0
20210623,1135.85,1133.73,1138.63,1131.17,0.002,2.2799999999999727,일반언론,0.2741046831955923,0.12396694214876033,0.6019283746556474,726.0,네이버금융,0.47368421052631576,0.47368421052631576,0.05263157894736842,19.0,199.0,90.0,437.0,9.0,9.0,1.0
20210624,1130.78,1136.03,1138.69,1129.97,-0.0045,-5.069999999999936,일반언론,0.2843273231622746,0.09431345353675451,0.6213592233009708,721.0,네이버금융,0.7,0.15,0.15,20.0,205.0,68.0,448.0,14.0,3.0,3.0
20210625,1127.12,1131.87,1133.1,1124.1,-0.0032,-3.660000000000082,일반언론,0.2661064425770308,0.09943977591036414,0.634453781512605,714.0,네이버금융,0.47058823529411764,0.47058823529411764,0.058823529411764705,17.0,190.0,71.0,453.0,8.0,8.0,1.0
20210628,1130.04,1127.34,1132.68,1126.58,0.0026,2.9200000000000728,일반언론,0.2550091074681239,0.10837887067395265,0.6366120218579235,1098.0,네이버금융,0.3157894736842105,0.42105263157894735,0.2631578947368421,19.0,280.0,119.0,699.0,6.0,8.0,5.0
20210629,1131.62,1130.21,1134.77,1127.65,0.0014,1.5799999999999272,일반언론,0.23949579831932774,0.11064425770308123,0.6498599439775911,714.0,네이버금융,0.5,0.25,0.25,20.0,171.0,79.0,464.0,10.0,5.0,5.0
20210630,1130.48,1131.8,1132.89,1125.59,-0.001,-1.139999999999873,일반언론,0.23042168674698796,0.11144578313253012,0.6581325301204819,664.0,네이버금융,0.5263157894736842,0.42105263157894735,0.05263157894736842,19.0,153.0,74.0,437.0,10.0,8.0,1.0
20210701,1134.33,1130.63,1135.98,1128.28,0.0034,3.849999999999909,일반언론,0.2614795918367347,0.11862244897959184,0.6198979591836735,784.0,네이버금융,0.6111111111111112,0.2777777777777778,0.1111111111111111,18.0,205.0,93.0,486.0,11.0,5.0,2.0
20210702,1130.53,1134.51,1138.6,1129.6,-0.0033,-3.7999999999999545,일반언론,0.27358490566037735,0.10646900269541779,0.6199460916442049,742.0,네이버금융,0.55,0.35,0.1,20.0,203.0,79.0,460.0,11.0,7.0,2.0
20210705,1130.42,1130.77,1132.72,1128.13,-0.0001,-0.1099999999998999,일반언론,0.32983794089609153,0.10772163965681601,0.5624404194470924,1049.0,네이버금융,0.14285714285714285,0.6666666666666666,0.19047619047619047,21.0,346.0,113.0,590.0,3.0,14.0,4.0
20210706,1136.75,1130.59,1139.97,1129.03,0.0056,6.329999999999927,일반언론,0.24152542372881355,0.13135593220338984,0.6271186440677966,708.0,네이버금융,0.3333333333333333,0.4666666666666667,0.2,15.0,171.0,93.0,444.0,5.0,7.0,3.0
20210707,1141.5,1136.93,1144.27,1135.03,0.0042,4.75,일반언론,0.27896995708154504,0.10872675250357654,0.6123032904148784,699.0,네이버금융,0.5882352941176471,0.23529411764705882,0.17647058823529413,17.0,195.0,76.0,428.0,10.0,4.0,3.0
20210708,1146.59,1141.65,1151.69,1139.55,0.0045,5.089999999999918,일반언론,0.2892086330935252,0.1237410071942446,0.5870503597122302,695.0,네이버금융,0.7777777777777778,0.1111111111111111,0.1111111111111111,18.0,201.0,86.0,408.0,14.0,2.0,2.0
20210709,1143.73,1146.81,1150.52,1143.18,-0.0025,-2.8599999999999,일반언론,0.3185378590078329,0.13577023498694518,0.5456919060052219,766.0,네이버금융,0.8823529411764706,0.0,0.11764705882352941,17.0,244.0,104.0,418.0,15.0,0.0,2.0
20210712,1146.85,1145.31,1150.06,1144.18,0.0027,3.119999999999891,일반언론,0.3412625800548948,0.08325709057639524,0.57548032936871,1093.0,네이버금융,0.3,0.55,0.15,20.0,373.0,91.0,629.0,6.0,11.0,3.0
20210713,1149.94,1147.18,1152.9,1141.21,0.0027,3.090000000000145,일반언론,0.3125,0.08866279069767442,0.5988372093023255,688.0,네이버금융,0.42105263157894735,0.42105263157894735,0.15789473684210525,19.0,215.0,61.0,412.0,8.0,8.0,3.0
20210714,1144.22,1150.11,1152.27,1142.63,-0.005,-5.720000000000027,일반언론,0.3430232558139535,0.09593023255813954,0.561046511627907,688.0,네이버금융,0.625,0.3125,0.0625,16.0,236.0,66.0,386.0,10.0,5.0,1.0
20210715,1141.59,1144.36,1148.31,1138.93,-0.0023,-2.630000000000109,일반언론,0.3399715504978663,0.09246088193456614,0.5675675675675675,703.0,네이버금융,0.5,0.4375,0.0625,16.0,239.0,65.0,399.0,8.0,7.0,1.0
20210716,1141.51,1141.77,1144.28,1137.99,-0.0001,-0.0799999999999272,일반언론,0.31024531024531027,0.09812409812409813,0.5916305916305916,693.0,네이버금융,0.9444444444444444,0.0,0.05555555555555555,18.0,215.0,68.0,410.0,17.0,0.0,1.0
20210719,1150.83,1142.5,1155.59,1141.85,0.0081999999999999,9.319999999999936,일반언론,0.3237410071942446,0.07284172661870504,0.6034172661870504,1112.0,네이버금융,0.6190476190476191,0.0,0.38095238095238093,21.0,360.0,81.0,671.0,13.0,0.0,8.0
20210720,1147.47,1151.92,1153.07,1146.55,-0.0029,-3.3599999999999,일반언론,0.32994186046511625,0.09156976744186046,0.5784883720930233,688.0,네이버금융,0.8,0.1,0.1,20.0,227.0,63.0,398.0,16.0,2.0,2.0
20210721,1149.31,1148.46,1156.44,1147.07,0.0016,1.839999999999918,일반언론,0.31334332833583206,0.1199400299850075,0.5667166416791605,667.0,네이버금융,0.6666666666666666,0.3333333333333333,0.0,18.0,209.0,80.0,378.0,12.0,6.0,0.0
20210722,1150.55,1149.48,1153.12,1146.85,0.0011,1.240000000000009,일반언론,0.30484330484330485,0.11538461538461539,0.5797720797720798,702.0,네이버금융,0.2777777777777778,0.7222222222222222,0.0,18.0,214.0,81.0,407.0,5.0,13.0,0.0
20210723,1151.52,1150.86,1155.41,1147.15,0.0008,0.9700000000000272,일반언론,0.30612244897959184,0.1151603498542274,0.5787172011661808,686.0,네이버금융,0.47368421052631576,0.3684210526315789,0.15789473684210525,19.0,210.0,79.0,397.0,9.0,7.0,3.0
20210726,1152.54,1152.12,1157.24,1151.26,0.0009,1.0199999999999818,일반언론,0.30438842203548083,0.08496732026143791,0.6106442577030813,1071.0,네이버금융,0.5714285714285714,0.19047619047619047,0.23809523809523808,21.0,326.0,91.0,654.0,12.0,4.0,5.0
20210727,1154.25,1152.71,1158.65,1148.86,0.0015,1.7100000000000364,일반언론,0.2966360856269113,0.11773700305810397,0.5856269113149847,654.0,네이버금융,0.5882352941176471,0.4117647058823529,0.0,17.0,194.0,77.0,383.0,10.0,7.0,0.0
20210728,1150.27,1154.44,1159.96,1149.24,-0.0034,-3.980000000000018,일반언론,0.279320987654321,0.16666666666666666,0.5540123456790124,648.0,네이버금융,0.7222222222222222,0.05555555555555555,0.2222222222222222,18.0,181.0,108.0,359.0,13.0,1.0,4.0
20210729,1143.12,1150.44,1152.12,1140.48,-0.0062,-7.150000000000091,일반언론,0.2894356005788712,0.14616497829232997,0.5643994211287988,691.0,네이버금융,0.5263157894736842,0.2631578947368421,0.21052631578947367,19.0,200.0,101.0,390.0,10.0,5.0,4.0
20210730,1151.41,1143.3,1154.78,1142.04,0.0073,8.290000000000191,일반언론,0.28263988522238165,0.11621233859397417,0.6011477761836442,697.0,네이버금융,0.75,0.1875,0.0625,16.0,197.0,81.0,419.0,12.0,3.0,1.0
20210802,1150.18,1151.9,1154.6,1148.52,-0.0011,-1.2300000000000182,일반언론,0.31841302136317395,0.10986775178026449,0.5717192268565615,983.0,네이버금융,0.47619047619047616,0.2857142857142857,0.23809523809523808,21.0,313.0,108.0,562.0,10.0,6.0,5.0
20210803,1148.44,1150.35,1153.91,1146.59,-0.0015,-1.740000000000009,일반언론,0.33169129720853857,0.10837438423645321,0.5599343185550082,609.0,네이버금융,0.45,0.4,0.15,20.0,202.0,66.0,341.0,9.0,8.0,3.0
20210804,1144.76,1148.63,1149.72,1140.02,-0.0032,-3.680000000000064,일반언론,0.3524451939291737,0.11298482293423272,0.5345699831365935,593.0,네이버금융,0.2777777777777778,0.6666666666666666,0.05555555555555555,18.0,209.0,67.0,317.0,5.0,12.0,1.0
20210805,1142.59,1144.94,1146.84,1140.62,-0.0019,-2.1700000000000728,일반언론,0.29833333333333334,0.14,0.5616666666666666,600.0,네이버금융,0.5882352941176471,0.23529411764705882,0.17647058823529413,17.0,179.0,84.0,337.0,10.0,4.0,3.0
20210806,1144.93,1142.94,1148.29,1140.15,0.002,2.340000000000145,일반언론,0.3137254901960784,0.08660130718954248,0.5996732026143791,612.0,네이버금융,0.5333333333333333,0.3333333333333333,0.13333333333333333,15.0,192.0,53.0,367.0,8.0,5.0,2.0
20210809,1146.89,1145.93,1148.86,1142.35,0.0017,1.9600000000000364,일반언론,0.3239299610894942,0.11089494163424124,0.5651750972762646,1028.0,네이버금융,0.15,0.5,0.35,20.0,333.0,114.0,581.0,3.0,10.0,7.0
20210810,1152.7,1147.07,1154.29,1145.78,0.0051,5.809999999999945,일반언론,0.26519337016574585,0.12569060773480664,0.6091160220994475,724.0,네이버금융,0.875,0.0625,0.0625,16.0,192.0,91.0,441.0,14.0,1.0,1.0
20210811,1153.98,1152.9,1159.69,1151.89,0.0011,1.2799999999999727,일반언론,0.2986425339366516,0.14027149321266968,0.5610859728506787,663.0,네이버금융,0.6875,0.25,0.0625,16.0,198.0,93.0,372.0,11.0,4.0,1.0
20210812,1162.98,1154.16,1166.15,1152.96,0.0078,9.0,일반언론,0.3183791606367583,0.08827785817655572,0.5933429811866859,691.0,네이버금융,0.625,0.375,0.0,16.0,220.0,61.0,410.0,10.0,6.0,0.0
20210813,1161.37,1163.16,1171.15,1160.38,-0.0014,-1.610000000000127,일반언론,0.31512605042016806,0.11904761904761904,0.5658263305322129,714.0,네이버금융,0.7857142857142857,0.14285714285714285,0.07142857142857142,14.0,225.0,85.0,404.0,11.0,2.0,1.0
20210816,1165.28,1162.37,1168.81,1161.46,0.0034,3.910000000000082,일반언론,0.38477580813347234,0.09593326381647549,0.5192909280500522,959.0,네이버금융,0.375,0.25,0.375,8.0,369.0,92.0,498.0,3.0,2.0,3.0
20210817,1177.3,1165.45,1179.8,1164.6,0.0103,12.019999999999982,일반언론,0.2904761904761905,0.12857142857142856,0.580952380952381,630.0,네이버금융,0.6842105263157895,0.2631578947368421,0.05263157894736842,19.0,183.0,81.0,366.0,13.0,5.0,1.0
20210818,1170.03,1177.44,1179.94,1166.89,-0.0062,-7.269999999999982,일반언론,0.3068702290076336,0.1099236641221374,0.583206106870229,655.0,네이버금융,0.7058823529411765,0.23529411764705882,0.058823529411764705,17.0,201.0,72.0,382.0,12.0,4.0,1.0
20210819,1176.28,1170.28,1178.4,1169.66,0.0053,6.25,일반언론,0.34416543574593794,0.0827178729689808,0.5731166912850812,677.0,네이버금융,0.8235294117647058,0.058823529411764705,0.11764705882352941,17.0,233.0,56.0,388.0,14.0,1.0,2.0
20210820,1175.15,1176.46,1184.85,1171.21,-0.001,-1.1299999999998818,일반언론,0.34534534534534533,0.07957957957957958,0.575075075075075,666.0,네이버금융,0.8888888888888888,0.1111111111111111,0.0,18.0,230.0,53.0,383.0,16.0,2.0,0.0
20210823,1169.36,1175.24,1177.56,1167.43,-0.0049,-5.790000000000191,일반언론,0.36233269598470363,0.07265774378585087,0.5650095602294455,1046.0,네이버금융,0.2,0.45,0.35,20.0,379.0,76.0,591.0,4.0,9.0,7.0
20210824,1163.65,1169.06,1171.57,1163.1,-0.0049,-5.709999999999809,일반언론,0.2915451895043732,0.10932944606413994,0.5991253644314869,686.0,네이버금융,0.15789473684210525,0.8421052631578947,0.0,19.0,200.0,75.0,411.0,3.0,16.0,0.0
20210825,1163.87,1164.02,1169.37,1162.92,0.0002,0.2199999999997999,일반언론,0.2869692532942899,0.11859443631039532,0.5944363103953147,683.0,네이버금융,0.375,0.4375,0.1875,16.0,196.0,81.0,406.0,6.0,7.0,3.0
20210826,1170.53,1164.05,1172.01,1162.97,0.0056999999999999,6.660000000000082,일반언론,0.2819767441860465,0.1119186046511628,0.6061046511627907,688.0,네이버금융,0.5882352941176471,0.29411764705882354,0.11764705882352941,17.0,194.0,77.0,417.0,10.0,5.0,2.0
20210827,1161.23,1170.71,1174.77,1160.89,-0.0079,-9.299999999999956,일반언론,0.2664756446991404,0.10888252148997135,0.6246418338108882,698.0,네이버금융,0.5555555555555556,0.2222222222222222,0.2222222222222222,18.0,186.0,76.0,436.0,10.0,4.0,4.0
20210830,1164.34,1162.33,1167.71,1161.88,0.0027,3.1099999999999,일반언론,0.3099467140319716,0.09680284191829484,0.5932504440497336,1126.0,네이버금융,0.22727272727272727,0.5454545454545454,0.22727272727272727,22.0,349.0,109.0,668.0,5.0,12.0,5.0
20210831,1158.73,1166.07,1167.43,1155.18,-0.0048,-5.6099999999999,일반언론,0.24431818181818182,0.09090909090909091,0.6647727272727273,704.0,네이버금융,0.2631578947368421,0.631578947368421,0.10526315789473684,19.0,172.0,64.0,468.0,5.0,12.0,2.0
20210901,1155.47,1158.95,1160.64,1154.54,-0.0028,-3.259999999999991,일반언론,0.3195718654434251,0.12996941896024464,0.5504587155963303,654.0,네이버금융,0.5,0.3333333333333333,0.16666666666666666,18.0,209.0,85.0,360.0,9.0,6.0,3.0
20210902,1158.05,1156.08,1162.44,1155.05,0.0022,2.5799999999999272,일반언론,0.2795549374130737,0.10152990264255911,0.6189151599443672,719.0,네이버금융,0.7647058823529411,0.11764705882352941,0.11764705882352941,17.0,201.0,73.0,445.0,13.0,2.0,2.0
20210903,1154.28,1158.23,1159.71,1152.54,-0.0033,-3.769999999999982,일반언론,0.30362537764350456,0.1042296072507553,0.5921450151057401,662.0,네이버금융,0.35714285714285715,0.42857142857142855,0.21428571428571427,14.0,201.0,69.0,392.0,5.0,6.0,3.0
20210906,1157.04,1155.75,1159.97,1154.53,0.0024,2.759999999999991,일반언론,0.2917063870352717,0.09914204003813155,0.6091515729265967,1049.0,네이버금융,0.6363636363636364,0.09090909090909091,0.2727272727272727,22.0,306.0,104.0,639.0,14.0,2.0,6.0
20210907,1161.98,1157.33,1166.02,1155.0,0.0043,4.940000000000055,일반언론,0.2406576980568012,0.11061285500747384,0.648729446935725,669.0,네이버금융,0.6,0.26666666666666666,0.13333333333333333,15.0,161.0,74.0,434.0,9.0,4.0,2.0
20210908,1166.54,1162.16,1168.83,1161.15,0.0039,4.559999999999945,일반언론,0.23809523809523808,0.08630952380952381,0.6755952380952381,672.0,네이버금융,0.875,0.0625,0.0625,16.0,160.0,58.0,454.0,14.0,1.0,1.0
20210909,1169.64,1167.14,1172.21,1166.05,0.0027,3.1000000000001364,일반언론,0.2764456981664316,0.1071932299012694,0.616361071932299,709.0,네이버금융,0.9285714285714286,0.0,0.07142857142857142,14.0,196.0,76.0,437.0,13.0,0.0,1.0
20210910,1170.23,1169.81,1174.13,1164.83,0.0005,0.5899999999999181,일반언론,0.2839160839160839,0.08391608391608392,0.6321678321678321,715.0,네이버금융,0.3125,0.5,0.1875,16.0,203.0,60.0,452.0,5.0,8.0,3.0
20210913,1172.83,1170.38,1177.53,1170.02,0.0022,2.599999999999909,일반언론,0.2797270955165692,0.09649122807017543,0.6237816764132553,1026.0,네이버금융,0.7777777777777778,0.05555555555555555,0.16666666666666666,18.0,287.0,99.0,640.0,14.0,1.0,3.0
20210914,1172.23,1173.44,1175.2,1166.38,-0.0005,-0.599999999999909,일반언론,0.28469241773962806,0.10157367668097282,0.6137339055793991,699.0,네이버금융,0.35714285714285715,0.2857142857142857,0.35714285714285715,14.0,199.0,71.0,429.0,5.0,4.0,5.0
20210915,1166.23,1172.41,1174.7,1164.77,-0.0051,-6.0,일반언론,0.270392749244713,0.10574018126888217,0.6238670694864048,662.0,네이버금융,0.5294117647058824,0.47058823529411764,0.0,17.0,179.0,70.0,413.0,9.0,8.0,0.0
20210916,1175.19,1166.39,1176.94,1165.2,0.0077,8.960000000000036,일반언론,0.258493353028065,0.1344165435745938,0.6070901033973413,677.0,네이버금융,0.8666666666666667,0.13333333333333333,0.0,15.0,175.0,91.0,411.0,13.0,2.0,0.0
20210917,1180.69,1175.36,1182.81,1174.23,0.0046999999999999,5.5,일반언론,0.24714285714285714,0.11428571428571428,0.6385714285714286,700.0,네이버금융,0.5882352941176471,0.35294117647058826,0.058823529411764705,17.0,173.0,80.0,447.0,10.0,6.0,1.0
20210920,1185.67,1181.56,1192.41,1181.47,0.0042,4.980000000000018,,,,,,,,,,,,,,,,
20210921,1183.96,1187.39,1188.61,1182.66,-0.0014,-1.7100000000000364,일반언론,0.31221719457013575,0.09728506787330317,0.5904977375565611,442.0,네이버금융,1.0,0.0,0.0,7.0,138.0,43.0,261.0,7.0,0.0,0.0
20210922,1181.75,1184.41,1185.53,1178.25,-0.0019,-2.2100000000000364,일반언론,0.38461538461538464,0.07692307692307693,0.5384615384615384,13.0,네이버금융,0.2,0.4,0.4,5.0,5.0,1.0,7.0,1.0,2.0,2.0
20210923,1174.63,1181.99,1186.62,1170.36,-0.006,-7.119999999999891,일반언론,0.3017656500802568,0.1332263242375602,0.565008025682183,623.0,네이버금융,0.5294117647058824,0.4117647058823529,0.058823529411764705,17.0,188.0,83.0,352.0,9.0,7.0,1.0
20210924,1179.68,1174.83,1182.05,1171.81,0.0043,5.0499999999999545,일반언론,0.33779761904761907,0.09077380952380952,0.5714285714285714,672.0,네이버금융,0.42857142857142855,0.42857142857142855,0.14285714285714285,14.0,227.0,61.0,384.0,6.0,6.0,2.0
20210927,1177.94,1179.95,1182.46,1173.98,-0.0015,-1.740000000000009,일반언론,0.3108233117483811,0.11840888066604996,0.5707678075855689,1081.0,네이버금융,0.6875,0.25,0.0625,16.0,336.0,128.0,617.0,11.0,4.0,1.0
20210928,1187.16,1177.09,1188.67,1176.37,0.0078,9.220000000000027,일반언론,0.2537313432835821,0.11641791044776119,0.6298507462686567,670.0,네이버금융,0.7333333333333333,0.13333333333333333,0.13333333333333333,15.0,170.0,78.0,422.0,11.0,2.0,2.0
20210929,1187.11,1188.04,1189.26,1181.2,-0.0,-0.0500000000001819,일반언론,0.3022556390977444,0.09924812030075188,0.5984962406015037,665.0,네이버금융,0.8571428571428571,0.07142857142857142,0.07142857142857142,14.0,201.0,66.0,398.0,12.0,1.0,1.0
20210930,1184.23,1187.93,1189.38,1180.22,-0.0024,-2.8799999999998818,일반언론,0.28251748251748254,0.11048951048951049,0.606993006993007,715.0,네이버금융,0.5625,0.375,0.0625,16.0,202.0,79.0,434.0,9.0,6.0,1.0
20211001,1180.35,1184.78,1189.05,1179.2,-0.0033,-3.880000000000109,일반언론,0.26995645863570394,0.07402031930333818,0.6560232220609579,689.0,네이버금융,0.9375,0.0,0.0625,16.0,186.0,51.0,452.0,15.0,0.0,1.0
20211004,1184.12,1179.9,1185.97,1178.41,0.0032,3.769999999999982,,,,,,,,,,,,,,,,
20211005,1186.48,1184.45,1189.12,1183.83,0.002,2.3600000000001278,일반언론,0.2991913746630728,0.11230907457322552,0.5884995507637018,1113.0,네이버금융,0.5,0.2,0.3,20.0,333.0,125.0,655.0,10.0,4.0,6.0
20211006,1190.21,1186.69,1197.94,1185.9,0.0031,3.730000000000018,일반언론,0.3079136690647482,0.11654676258992806,0.5755395683453237,695.0,네이버금융,0.6923076923076923,0.3076923076923077,0.0,13.0,214.0,81.0,400.0,9.0,4.0,0.0
20211007,1190.88,1190.74,1192.08,1188.15,0.0006,0.6700000000000728,일반언론,0.31520223152022314,0.08647140864714087,0.5983263598326359,717.0,네이버금융,0.21428571428571427,0.7857142857142857,0.0,14.0,226.0,62.0,429.0,3.0,11.0,0.0
20211008,1196.79,1191.33,1197.61,1190.35,0.005,5.909999999999855,일반언론,0.2938076416337286,0.11462450592885376,0.5915678524374176,759.0,네이버금융,0.4666666666666667,0.4,0.13333333333333333,15.0,223.0,87.0,449.0,7.0,6.0,2.0
20211011,1195.3,1196.54,1196.99,1191.89,-0.0012,-1.490000000000009,일반언론,0.30204962243797195,0.09924487594390508,0.598705501618123,927.0,네이버금융,0.7777777777777778,0.2222222222222222,0.0,9.0,280.0,92.0,555.0,7.0,2.0,0.0
20211012,1197.29,1195.75,1200.9,1195.38,0.0017,1.990000000000009,일반언론,0.26339969372128635,0.11485451761102604,0.6217457886676876,653.0,네이버금융,0.875,0.0625,0.0625,16.0,172.0,75.0,406.0,14.0,1.0,1.0
20211013,1186.18,1197.92,1199.49,1186.3,-0.0093,-11.1099999999999,일반언론,0.2768115942028985,0.10289855072463767,0.6202898550724638,690.0,네이버금융,0.4666666666666667,0.5333333333333333,0.0,15.0,191.0,71.0,428.0,7.0,8.0,0.0
20211014,1181.69,1186.87,1190.94,1181.76,-0.0038,-4.490000000000009,일반언론,0.2369186046511628,0.13953488372093023,0.623546511627907,688.0,네이버금융,0.375,0.625,0.0,16.0,163.0,96.0,429.0,6.0,10.0,0.0
20211015,1182.07,1182.23,1185.31,1180.87,0.0003,0.3799999999998817,일반언론,0.2867540029112082,0.10771470160116449,0.6055312954876274,687.0,네이버금융,0.3125,0.5625,0.125,16.0,197.0,74.0,416.0,5.0,9.0,2.0
20211018,1185.47,1182.49,1188.85,1182.39,0.0029,3.400000000000091,일반언론,0.27502338634237605,0.10102899906454631,0.6239476145930777,1069.0,네이버금융,0.3684210526315789,0.47368421052631576,0.15789473684210525,19.0,294.0,108.0,667.0,7.0,9.0,3.0
20211019,1175.13,1185.89,1186.04,1173.73,-0.0087,-10.339999999999918,일반언론,0.28171091445427726,0.12831858407079647,0.5899705014749262,678.0,네이버금융,0.23529411764705882,0.6470588235294118,0.11764705882352941,17.0,191.0,87.0,400.0,4.0,11.0,2.0
20211020,1175.63,1175.61,1179.26,1172.01,0.0004,0.5,일반언론,0.3121301775147929,0.10059171597633136,0.5872781065088757,676.0,네이버금융,0.6,0.2,0.2,15.0,211.0,68.0,397.0,9.0,3.0,3.0
20211021,1177.78,1175.81,1180.03,1172.98,0.0018,2.149999999999864,일반언론,0.28304597701149425,0.11781609195402298,0.5991379310344828,696.0,네이버금융,0.7333333333333333,0.2,0.06666666666666667,15.0,197.0,82.0,417.0,11.0,3.0,1.0
20211022,1177.48,1177.86,1181.7,1173.64,-0.0003,-0.2999999999999545,일반언론,0.2868741542625169,0.17050067658998647,0.5426251691474966,739.0,네이버금융,0.6,0.3333333333333333,0.06666666666666667,15.0,212.0,126.0,401.0,9.0,5.0,1.0
20211025,1168.02,1177.44,1178.96,1166.96,-0.008,-9.460000000000036,일반언론,0.2670509125840538,0.10278578290105668,0.6301633045148896,1041.0,네이버금융,0.5,0.2222222222222222,0.2777777777777778,18.0,278.0,107.0,656.0,9.0,4.0,5.0
20211026,1167.95,1168.13,1170.47,1163.75,-0.0001,-0.0699999999999363,일반언론,0.24777448071216618,0.10682492581602374,0.6454005934718101,674.0,네이버금융,0.11764705882352941,0.6470588235294118,0.23529411764705882,17.0,167.0,72.0,435.0,2.0,11.0,4.0
20211027,1172.05,1168.06,1174.09,1165.45,0.0034999999999999,4.099999999999909,일반언론,0.28892215568862273,0.1347305389221557,0.5763473053892215,668.0,네이버금융,0.4666666666666667,0.2,0.3333333333333333,15.0,193.0,90.0,385.0,7.0,3.0,5.0
20211028,1168.44,1172.17,1174.7,1166.06,-0.0031,-3.6099999999999,일반언론,0.27359781121751026,0.12038303693570451,0.6060191518467852,731.0,네이버금융,0.875,0.0625,0.0625,16.0,200.0,88.0,443.0,14.0,1.0,1.0
20211029,1174.47,1168.45,1177.07,1167.81,0.0052,6.029999999999973,일반언론,0.25738396624472576,0.1209563994374121,0.6216596343178622,711.0,네이버금융,0.7647058823529411,0.23529411764705882,0.0,17.0,183.0,86.0,442.0,13.0,4.0,0.0
20211101,1177.45,1174.61,1179.89,1173.28,0.0025,2.980000000000018,일반언론,0.26590693257359926,0.1168091168091168,0.6172839506172839,1053.0,네이버금융,0.6666666666666666,0.19047619047619047,0.14285714285714285,21.0,280.0,123.0,650.0,14.0,4.0,3.0
20211102,1178.48,1177.56,1179.91,1174.03,0.0009,1.0299999999999727,일반언론,0.23676470588235293,0.12352941176470589,0.6397058823529411,680.0,네이버금융,0.25,0.5625,0.1875,16.0,161.0,84.0,435.0,4.0,9.0,3.0
20211103,1178.78,1178.59,1185.94,1177.99,0.0003,0.2999999999999545,일반언론,0.27682737169517885,0.1104199066874028,0.6127527216174183,643.0,네이버금융,0.5,0.3125,0.1875,16.0,178.0,71.0,394.0,8.0,5.0,3.0
20211104,1185.75,1178.89,1188.81,1176.94,0.0059,6.970000000000027,일반언론,0.26944444444444443,0.125,0.6055555555555555,720.0,네이버금융,0.75,0.25,0.0,16.0,194.0,90.0,436.0,12.0,4.0,0.0
20211105,1181.05,1185.97,1188.43,1181.21,-0.004,-4.7000000000000455,일반언론,0.272863568215892,0.1454272863568216,0.5817091454272864,667.0,네이버금융,0.7857142857142857,0.14285714285714285,0.07142857142857142,14.0,182.0,97.0,388.0,11.0,2.0,1.0
20211108,1180.84,1181.51,1186.74,1178.93,-0.0002,-0.2100000000000363,일반언론,0.25626204238921,0.11368015414258188,0.630057803468208,1038.0,네이버금융,0.47368421052631576,0.3157894736842105,0.21052631578947367,19.0,266.0,118.0,654.0,9.0,6.0,4.0
20211109,1178.4,1180.95,1182.1,1173.36,-0.0021,-2.439999999999827,일반언론,0.28075253256150506,0.11432706222865413,0.6049204052098408,691.0,네이버금융,0.3125,0.5625,0.125,16.0,194.0,79.0,418.0,5.0,9.0,2.0
20211110,1185.04,1178.51,1186.15,1176.82,0.0056,6.639999999999873,일반언론,0.2793053545586107,0.11866859623733719,0.6020260492040521,691.0,네이버금융,1.0,0.0,0.0,14.0,193.0,82.0,416.0,14.0,0.0,0.0
20211111,1182.39,1185.15,1187.3,1178.17,-0.0022,-2.649999999999864,일반언론,0.23002754820936638,0.13360881542699724,0.6363636363636364,726.0,네이버금융,0.7333333333333333,0.26666666666666666,0.0,15.0,167.0,97.0,462.0,11.0,4.0,0.0
20211112,1179.2,1182.45,1184.1,1176.31,-0.0027,-3.1900000000000546,일반언론,0.23939393939393938,0.14545454545454545,0.6151515151515151,660.0,네이버금융,0.17647058823529413,0.7058823529411765,0.11764705882352941,17.0,158.0,96.0,406.0,3.0,12.0,2.0
20211115,1183.42,1179.94,1184.78,1177.17,0.0036,4.220000000000027,일반언론,0.31900668576886343,0.09455587392550144,0.5864374403056352,1047.0,네이버금융,0.22727272727272727,0.22727272727272727,0.5454545454545454,22.0,334.0,99.0,614.0,5.0,5.0,12.0
20211116,1183.85,1183.56,1185.8,1175.3,0.0004,0.4299999999998363,일반언론,0.2338935574229692,0.12885154061624648,0.6372549019607843,714.0,네이버금융,0.8235294117647058,0.11764705882352941,0.058823529411764705,17.0,167.0,92.0,455.0,14.0,2.0,1.0
20211117,1180.46,1183.99,1186.96,1179.58,-0.0029,-3.3899999999998727,일반언론,0.2661764705882353,0.12794117647058822,0.6058823529411764,680.0,네이버금융,0.47058823529411764,0.29411764705882354,0.23529411764705882,17.0,181.0,87.0,412.0,8.0,5.0,4.0
20211118,1182.37,1180.58,1187.76,1177.92,0.0016,1.9099999999998545,일반언론,0.25217391304347825,0.12028985507246377,0.6275362318840579,690.0,네이버금융,0.875,0.125,0.0,16.0,174.0,83.0,433.0,14.0,2.0,0.0
20211119,1187.1,1182.99,1187.67,1181.16,0.004,4.730000000000018,일반언론,0.26586102719033233,0.11329305135951662,0.620845921450151,662.0,네이버금융,0.3333333333333333,0.3333333333333333,0.3333333333333333,15.0,176.0,75.0,411.0,5.0,5.0,5.0
20211122,1190.08,1188.77,1191.36,1184.81,0.0025,2.980000000000018,일반언론,0.29282296650717704,0.08421052631578947,0.6229665071770335,1045.0,네이버금융,0.2777777777777778,0.2777777777777778,0.4444444444444444,18.0,306.0,88.0,651.0,5.0,5.0,8.0
20211123,1189.08,1190.57,1192.47,1187.06,-0.0008,-1.0,일반언론,0.26080246913580246,0.12654320987654322,0.6126543209876543,648.0,네이버금융,0.7647058823529411,0.11764705882352941,0.11764705882352941,17.0,169.0,82.0,397.0,13.0,2.0,2.0
20211124,1188.77,1190.07,1190.79,1185.02,-0.0003,-0.3099999999999454,일반언론,0.3144560357675112,0.12965722801788376,0.555886736214605,671.0,네이버금융,0.7142857142857143,0.2857142857142857,0.0,14.0,211.0,87.0,373.0,10.0,4.0,0.0
20211125,1190.16,1188.81,1192.28,1187.82,0.0012,1.3900000000001,일반언론,0.2821997105643994,0.1287988422575977,0.5890014471780028,691.0,네이버금융,0.8666666666666667,0.06666666666666667,0.06666666666666667,15.0,195.0,89.0,407.0,13.0,1.0,1.0
20211126,1194.43,1190.24,1196.26,1189.74,0.0036,4.269999999999982,일반언론,0.24926253687315633,0.10914454277286136,0.6415929203539823,678.0,네이버금융,0.9230769230769231,0.07692307692307693,0.0,13.0,169.0,74.0,435.0,12.0,1.0,0.0
20211129,1190.69,1195.8,1196.0,1189.9,-0.0031,-3.740000000000009,일반언론,0.3039485766758494,0.09917355371900827,0.5968778696051423,1089.0,네이버금융,0.7777777777777778,0.16666666666666666,0.05555555555555555,18.0,331.0,108.0,650.0,14.0,3.0,1.0
20211130,1182.71,1190.96,1191.73,1182.26,-0.0067,-7.980000000000018,일반언론,0.256797583081571,0.11027190332326284,0.6329305135951662,662.0,네이버금융,0.5882352941176471,0.23529411764705882,0.17647058823529413,17.0,170.0,73.0,419.0,10.0,4.0,3.0
20211201,1176.93,1182.84,1185.49,1173.33,-0.0049,-5.779999999999973,일반언론,0.3132530120481928,0.10090361445783133,0.5858433734939759,664.0,네이버금융,0.6666666666666666,0.26666666666666666,0.06666666666666667,15.0,208.0,67.0,389.0,10.0,4.0,1.0
20211202,1176.74,1177.06,1179.35,1173.32,-0.0002,-0.1900000000000545,일반언론,0.28794326241134754,0.13049645390070921,0.5815602836879432,705.0,네이버금융,0.625,0.3125,0.0625,16.0,203.0,92.0,410.0,10.0,5.0,1.0
20211203,1181.0,1176.85,1183.63,1175.83,0.0036,4.259999999999991,일반언론,0.28837209302325584,0.09767441860465116,0.6139534883720931,645.0,네이버금융,0.4375,0.375,0.1875,16.0,186.0,63.0,396.0,7.0,6.0,3.0
20211206,1180.54,1184.85,1186.49,1179.7,-0.0004,-0.4600000000000364,일반언론,0.30093457943925234,0.11401869158878504,0.5850467289719626,1070.0,네이버금융,0.5,0.1,0.4,20.0,322.0,122.0,626.0,10.0,2.0,8.0
20211207,1176.73,1180.66,1184.03,1176.56,-0.0032,-3.8099999999999454,일반언론,0.25299401197604793,0.13323353293413173,0.6137724550898204,668.0,네이버금융,0.375,0.5625,0.0625,16.0,169.0,89.0,410.0,6.0,9.0,1.0
20211208,1175.19,1176.85,1179.31,1175.12,-0.0013,-1.5399999999999636,일반언론,0.2608695652173913,0.12903225806451613,0.6100981767180925,713.0,네이버금융,0.375,0.5,0.125,16.0,186.0,92.0,435.0,6.0,8.0,2.0
20211209,1178.15,1173.42,1179.37,1172.62,0.0025,2.9600000000000364,일반언론,0.26262626262626265,0.1240981240981241,0.6132756132756133,693.0,네이버금융,0.26666666666666666,0.5333333333333333,0.2,15.0,182.0,86.0,425.0,4.0,8.0,3.0
20211210,1180.86,1178.27,1182.82,1176.4,0.0023,2.709999999999809,일반언론,0.3076923076923077,0.11328671328671329,0.579020979020979,715.0,네이버금융,0.8125,0.0625,0.125,16.0,220.0,81.0,414.0,13.0,1.0,2.0
20211213,1184.91,1180.96,1186.16,1177.03,0.0034,4.050000000000182,일반언론,0.3172613307618129,0.09546769527483125,0.5872709739633558,1037.0,네이버금융,0.3333333333333333,0.3333333333333333,0.3333333333333333,18.0,329.0,99.0,609.0,6.0,6.0,6.0
20211214,1185.19,1185.1,1186.38,1180.97,0.0002,0.2799999999999727,일반언론,0.29737609329446063,0.12099125364431487,0.5816326530612245,686.0,네이버금융,0.8666666666666667,0.0,0.13333333333333333,15.0,204.0,83.0,399.0,13.0,0.0,2.0
20211215,1184.57,1185.24,1190.22,1183.93,-0.0005,-0.6200000000001182,일반언론,0.30500758725341426,0.12291350531107739,0.5720789074355084,659.0,네이버금융,0.6875,0.0,0.3125,16.0,201.0,81.0,377.0,11.0,0.0,5.0
20211216,1186.29,1185.41,1188.86,1181.63,0.0015,1.7200000000000273,일반언론,0.28407460545193686,0.11764705882352941,0.5982783357245337,697.0,네이버금융,0.2,0.8,0.0,15.0,198.0,82.0,417.0,3.0,12.0,0.0
20211217,1187.7,1186.39,1188.63,1180.03,0.0012,1.410000000000082,일반언론,0.3084795321637427,0.12719298245614036,0.564327485380117,684.0,네이버금융,0.47058823529411764,0.29411764705882354,0.23529411764705882,17.0,211.0,87.0,386.0,8.0,5.0,4.0
20211220,1189.53,1188.1,1192.67,1186.79,0.0015,1.8299999999999272,일반언론,0.3118580765639589,0.11391223155929038,0.5742296918767507,1071.0,네이버금융,0.5555555555555556,0.2222222222222222,0.2222222222222222,18.0,334.0,122.0,615.0,10.0,4.0,4.0
20211221,1190.67,1189.95,1193.81,1189.0,0.001,1.1400000000001,일반언론,0.27606461086637296,0.11013215859030837,0.6138032305433186,681.0,네이버금융,0.4375,0.4375,0.125,16.0,188.0,75.0,418.0,7.0,7.0,2.0
20211222,1190.21,1190.43,1192.98,1189.5,-0.0004,-0.4600000000000364,일반언론,0.27113702623906705,0.141399416909621,0.5874635568513119,686.0,네이버금융,0.25,0.5625,0.1875,16.0,186.0,97.0,403.0,4.0,9.0,3.0
20211223,1185.55,1187.94,1190.76,1184.89,-0.0039,-4.660000000000082,일반언론,0.26220362622036264,0.11576011157601115,0.6220362622036262,717.0,네이버금융,0.3125,0.625,0.0625,16.0,188.0,83.0,446.0,5.0,10.0,1.0
20211224,1185.99,1185.64,1188.4,1184.69,0.0004,0.4400000000000545,일반언론,0.26527570789865873,0.13114754098360656,0.6035767511177347,671.0,네이버금융,0.3333333333333333,0.4666666666666667,0.2,15.0,178.0,88.0,405.0,5.0,7.0,3.0
20211227,1185.61,1187.1,1188.63,1185.02,-0.0003,-0.3800000000001091,일반언론,0.29411764705882354,0.12632594021215043,0.579556412729026,1037.0,네이버금융,0.47058823529411764,0.29411764705882354,0.23529411764705882,17.0,305.0,131.0,601.0,8.0,5.0,4.0
20211228,1188.09,1186.59,1189.39,1185.31,0.0021,2.480000000000018,일반언론,0.25,0.12272727272727273,0.6272727272727273,660.0,네이버금융,0.3125,0.5625,0.125,16.0,165.0,81.0,414.0,5.0,9.0,2.0
20211229,1184.7,1188.14,1188.59,1184.06,-0.0029,-3.3899999999998727,일반언론,0.28012519561815336,0.10172143974960876,0.6181533646322379,639.0,네이버금융,0.7647058823529411,0.23529411764705882,0.0,17.0,179.0,65.0,395.0,13.0,4.0,0.0
20211230,1189.36,1184.79,1190.72,1182.75,0.0039,4.659999999999855,일반언론,0.28217054263565894,0.13178294573643412,0.586046511627907,645.0,네이버금융,0.35294117647058826,0.35294117647058826,0.29411764705882354,17.0,182.0,85.0,378.0,6.0,6.0,5.0
20211231,1187.96,1190.22,1191.31,1186.67,-0.0012,-1.3999999999998636,일반언론,0.27724358974358976,0.10096153846153846,0.6217948717948718,624.0,네이버금융,0.75,0.125,0.125,8.0,173.0,63.0,388.0,6.0,1.0,1.0
20220103,1193.0,1189.8,1193.86,1187.55,0.0042,5.039999999999964,일반언론,0.25989672977624784,0.153184165232358,0.5869191049913941,581.0,네이버금융,0.0,0.5,0.5,6.0,151.0,89.0,341.0,0.0,3.0,3.0
20220104,1197.49,1194.77,1199.49,1192.75,0.0038,4.490000000000009,일반언론,0.23589001447178004,0.13603473227206947,0.6280752532561505,691.0,네이버금융,0.16666666666666666,0.6666666666666666,0.16666666666666666,12.0,163.0,94.0,434.0,2.0,8.0,2.0
20220105,1198.2,1197.54,1200.18,1195.91,0.0006,0.7100000000000364,일반언론,0.26194144838212635,0.10631741140215717,0.6317411402157165,649.0,네이버금융,0.4,0.45,0.15,20.0,170.0,69.0,410.0,8.0,9.0,3.0
20220106,1204.95,1200.65,1207.11,1197.2,0.0056,6.75,일반언론,0.2765647743813683,0.11208151382823872,0.611353711790393,687.0,네이버금융,0.3333333333333333,0.5,0.16666666666666666,18.0,190.0,77.0,420.0,6.0,9.0,3.0
20220107,1197.63,1205.03,1205.78,1197.32,-0.0060999999999999,-7.319999999999936,일반언론,0.290625,0.0890625,0.6203125,640.0,네이버금융,0.5,0.2777777777777778,0.2222222222222222,18.0,186.0,57.0,397.0,9.0,5.0,4.0
20220110,1198.04,1198.2,1201.81,1195.95,0.0003,0.4099999999998545,일반언론,0.31522793404461685,0.08341416100872939,0.6013579049466538,1031.0,네이버금융,0.4,0.3333333333333333,0.26666666666666666,30.0,325.0,86.0,620.0,12.0,10.0,8.0
20220111,1192.31,1198.14,1198.6,1192.3,-0.0048,-5.730000000000018,일반언론,0.2876712328767123,0.106544901065449,0.6057838660578386,657.0,네이버금융,0.3333333333333333,0.5833333333333334,0.08333333333333333,12.0,189.0,70.0,398.0,4.0,7.0,1.0
20220112,1185.87,1190.55,1193.2,1185.11,-0.0054,-6.440000000000055,일반언론,0.28763040238450077,0.11624441132637854,0.5961251862891207,671.0,네이버금융,0.7222222222222222,0.0,0.2777777777777778,18.0,193.0,78.0,400.0,13.0,0.0,5.0
20220113,1186.11,1185.96,1189.94,1184.04,0.0002,0.2400000000000091,일반언론,0.34036144578313254,0.125,0.5346385542168675,664.0,네이버금융,0.2631578947368421,0.5263157894736842,0.21052631578947367,19.0,226.0,83.0,355.0,5.0,10.0,4.0
20220114,1190.07,1186.77,1192.42,1185.67,0.0033,3.960000000000037,일반언론,0.3343558282208589,0.09815950920245399,0.5674846625766872,652.0,네이버금융,0.5882352941176471,0.17647058823529413,0.23529411764705882,17.0,218.0,64.0,370.0,10.0,3.0,4.0
20220117,1189.99,1190.55,1194.13,1189.49,-0.0001,-0.0799999999999272,일반언론,0.30754536771728747,0.09169054441260745,0.600764087870105,1047.0,네이버금융,0.6785714285714286,0.10714285714285714,0.21428571428571427,28.0,322.0,96.0,629.0,19.0,3.0,6.0
20220118,1192.69,1190.98,1194.33,1185.93,0.0023,2.700000000000045,일반언론,0.30134932533733133,0.0944527736131934,0.6041979010494752,667.0,네이버금융,0.6363636363636364,0.0,0.36363636363636365,11.0,201.0,63.0,403.0,7.0,0.0,4.0
20220119,1188.13,1193.03,1193.94,1186.66,-0.0038,-4.559999999999945,일반언론,0.3143712574850299,0.1122754491017964,0.5733532934131736,668.0,네이버금융,0.42857142857142855,0.5,0.07142857142857142,14.0,210.0,75.0,383.0,6.0,7.0,1.0
20220120,1192.42,1188.21,1193.88,1187.19,0.0036,4.289999999999964,일반언론,0.28717201166180756,0.11807580174927114,0.5947521865889213,686.0,네이버금융,0.25,0.5,0.25,16.0,197.0,81.0,408.0,4.0,8.0,4.0
20220121,1192.51,1192.49,1195.05,1190.14,0.0001,0.0899999999999181,일반언론,0.3235747303543914,0.08628659476117104,0.5901386748844376,649.0,네이버금융,0.23529411764705882,0.5882352941176471,0.17647058823529413,17.0,210.0,56.0,383.0,4.0,10.0,3.0
20220124,1195.59,1193.3,1197.9,1192.49,0.0026,3.0799999999999272,일반언론,0.3166823751178134,0.08765315739868049,0.5956644674835061,1061.0,네이버금융,0.42857142857142855,0.21428571428571427,0.35714285714285715,28.0,336.0,93.0,632.0,12.0,6.0,10.0
20220125,1196.35,1195.69,1199.93,1195.17,0.0006,0.7599999999999909,일반언론,0.27089337175792505,0.14265129682997119,0.5864553314121037,694.0,네이버금융,0.15384615384615385,0.46153846153846156,0.38461538461538464,13.0,188.0,99.0,407.0,2.0,6.0,5.0
20220126,1197.03,1196.35,1198.51,1194.29,0.0006,0.6800000000000637,일반언론,0.2950354609929078,0.14042553191489363,0.5645390070921986,705.0,네이버금융,0.47058823529411764,0.4117647058823529,0.11764705882352941,17.0,208.0,99.0,398.0,8.0,7.0,2.0
20220127,1203.77,1200.75,1205.79,1200.15,0.0056,6.740000000000009,일반언론,0.3073463268365817,0.1409295352323838,0.5517241379310345,667.0,네이버금융,0.5789473684210527,0.15789473684210525,0.2631578947368421,19.0,205.0,94.0,368.0,11.0,3.0,5.0
20220128,1209.56,1203.82,1213.86,1203.65,0.0048,5.789999999999964,일반언론,0.3053545586107091,0.12735166425470332,0.5672937771345875,691.0,네이버금융,0.8823529411764706,0.0,0.11764705882352941,17.0,211.0,88.0,392.0,15.0,0.0,2.0
20220131,1204.63,1209.71,1212.92,1204.2,-0.0040999999999999,-4.929999999999836,일반언론,0.2806236080178174,0.0957683741648107,0.623608017817372,449.0,네이버금융,0.6,0.2,0.2,25.0,126.0,43.0,280.0,15.0,5.0,5.0
20220201,1202.31,1204.75,1208.01,1201.61,-0.0019,-2.320000000000164,일반언론,0.5,0.25,0.25,12.0,네이버금융,0.25,0.6666666666666666,0.08333333333333333,12.0,6.0,3.0,3.0,3.0,8.0,1.0
20220202,1199.46,1202.47,1204.41,1198.82,-0.0024,-2.849999999999909,일반언론,0.4166666666666667,0.16666666666666666,0.4166666666666667,12.0,네이버금융,0.4444444444444444,0.5,0.05555555555555555,18.0,5.0,2.0,5.0,8.0,9.0,1.0
20220203,1199.47,1200.36,1207.19,1198.68,0.0,0.0099999999999909,일반언론,0.3092105263157895,0.12335526315789473,0.5674342105263158,608.0,네이버금융,0.4666666666666667,0.3333333333333333,0.2,15.0,188.0,75.0,345.0,7.0,5.0,3.0
20220204,1198.25,1200.65,1202.05,1196.81,-0.001,-1.2200000000000273,일반언론,0.3516819571865443,0.0963302752293578,0.5519877675840978,654.0,네이버금융,0.6666666666666666,0.2777777777777778,0.05555555555555555,18.0,230.0,63.0,361.0,12.0,5.0,1.0
20220207,1196.87,1199.0,1201.09,1196.72,-0.0012,-1.3800000000001091,일반언론,0.30880929332042595,0.08809293320425944,0.6030977734753146,1033.0,네이버금융,0.32142857142857145,0.5,0.17857142857142858,28.0,319.0,91.0,623.0,9.0,14.0,5.0
20220208,1196.35,1196.92,1200.38,1196.21,-0.0004,-0.5199999999999818,일반언론,0.2696296296296296,0.10518518518518519,0.6251851851851852,675.0,네이버금융,0.9090909090909091,0.0,0.09090909090909091,11.0,182.0,71.0,422.0,10.0,0.0,1.0
20220209,1194.05,1196.4,1197.47,1193.02,-0.0019,-2.2999999999999545,일반언론,0.2857142857142857,0.10245310245310245,0.6118326118326118,693.0,네이버금융,0.3684210526315789,0.3684210526315789,0.2631578947368421,19.0,198.0,71.0,424.0,7.0,7.0,5.0
20220210,1199.83,1194.17,1200.65,1193.42,0.0048,5.779999999999973,일반언론,0.3103448275862069,0.14367816091954022,0.5459770114942529,696.0,네이버금융,0.6,0.2,0.2,20.0,216.0,100.0,380.0,12.0,4.0,4.0
20220211,1199.48,1200.1,1201.87,1193.23,-0.0003,-0.349999999999909,일반언론,0.281767955801105,0.11187845303867404,0.606353591160221,724.0,네이버금융,1.0,0.0,0.0,3.0,204.0,81.0,439.0,3.0,0.0,0.0
20220214,1197.32,1200.1,1200.17,1193.93,-0.0018,-2.160000000000082,일반언론,0.32558139534883723,0.09581395348837209,0.5786046511627907,1075.0,네이버금융,0.4444444444444444,0.2222222222222222,0.3333333333333333,9.0,350.0,103.0,622.0,4.0,2.0,3.0
20220215,1196.76,1197.44,1200.59,1195.29,-0.0005,-0.5599999999999454,일반언론,0.26029411764705884,0.10735294117647058,0.6323529411764706,680.0,네이버금융,0.3076923076923077,0.38461538461538464,0.3076923076923077,13.0,177.0,73.0,430.0,4.0,5.0,4.0
20220216,1196.53,1196.86,1199.57,1195.22,-0.0002,-0.2300000000000182,일반언론,0.3058470764617691,0.07946026986506746,0.6146926536731634,667.0,네이버금융,0.35294117647058826,0.47058823529411764,0.17647058823529413,17.0,204.0,53.0,410.0,6.0,8.0,3.0
20220217,1198.63,1196.69,1200.06,1194.44,0.0018,2.1000000000001364,일반언론,0.27866473149492016,0.1320754716981132,0.5892597968069666,689.0,네이버금융,0.6111111111111112,0.16666666666666666,0.2222222222222222,18.0,192.0,91.0,406.0,11.0,3.0,4.0
20220218,1195.59,1198.76,1199.55,1192.95,-0.0025,-3.040000000000191,일반언론,0.3352601156069364,0.1069364161849711,0.5578034682080925,692.0,네이버금융,0.7333333333333333,0.2,0.06666666666666667,15.0,232.0,74.0,386.0,11.0,3.0,1.0
20220221,1193.68,1198.3,1199.72,1189.73,-0.0016,-1.9099999999998545,일반언론,0.31861804222648754,0.08445297504798464,0.5969289827255279,1042.0,네이버금융,0.5,0.2857142857142857,0.21428571428571427,28.0,332.0,88.0,622.0,14.0,8.0,6.0
20220222,1191.9,1194.6,1196.6,1190.74,-0.0015,-1.7799999999999727,일반언론,0.29461756373937675,0.11473087818696884,0.5906515580736544,706.0,네이버금융,0.8461538461538461,0.07692307692307693,0.07692307692307693,13.0,208.0,81.0,417.0,11.0,1.0,1.0
20220223,1192.44,1193.03,1194.34,1189.64,0.0005,0.5399999999999636,일반언론,0.29685157421289354,0.10944527736131934,0.5937031484257871,667.0,네이버금융,0.8,0.15,0.05,20.0,198.0,73.0,396.0,16.0,3.0,1.0
20220224,1206.05,1192.6,1211.47,1191.93,0.0113999999999999,13.6099999999999,일반언론,0.29,0.11,0.6,700.0,네이버금융,0.5294117647058824,0.23529411764705882,0.23529411764705882,17.0,203.0,77.0,420.0,9.0,4.0,4.0
20220225,1197.57,1206.11,1206.9,1197.73,-0.0069999999999999,-8.480000000000018,일반언론,0.2942008486562942,0.09618104667609619,0.6096181046676096,707.0,네이버금융,0.5,0.3888888888888889,0.1111111111111111,18.0,208.0,68.0,431.0,9.0,7.0,2.0
20220228,1200.12,1207.65,1208.97,1200.76,0.0021,2.5499999999999545,일반언론,0.3358070500927644,0.12523191094619665,0.538961038961039,1078.0,네이버금융,0.8,0.08,0.12,25.0,362.0,135.0,581.0,20.0,2.0,3.0
20220301,1205.32,1201.18,1206.37,1197.68,0.0043,5.2000000000000455,일반언론,0.3720508166969147,0.0998185117967332,0.5281306715063521,551.0,네이버금융,0.6,0.0,0.4,5.0,205.0,55.0,291.0,3.0,0.0,2.0
20220302,1203.16,1205.42,1208.99,1201.98,-0.0018,-2.1599999999998545,일반언론,0.3580645161290323,0.0967741935483871,0.5451612903225806,620.0,네이버금융,0.15,0.7,0.15,20.0,222.0,60.0,338.0,3.0,14.0,3.0
20220303,1205.54,1203.26,1209.29,1202.18,0.002,2.3799999999998818,일반언론,0.31085043988269795,0.06451612903225806,0.624633431085044,682.0,네이버금융,0.42105263157894735,0.3684210526315789,0.21052631578947367,19.0,212.0,44.0,426.0,8.0,7.0,4.0
20220304,1217.45,1206.93,1219.78,1206.35,0.0098999999999999,11.910000000000082,일반언론,0.26521739130434785,0.14782608695652175,0.5869565217391305,690.0,네이버금융,0.7777777777777778,0.1111111111111111,0.1111111111111111,18.0,183.0,102.0,405.0,14.0,2.0,2.0
20220307,1232.14,1221.65,1233.47,1220.05,0.0121,14.690000000000056,일반언론,0.3560460652591171,0.09980806142034548,0.5441458733205374,1042.0,네이버금융,0.6896551724137931,0.13793103448275862,0.1724137931034483,29.0,371.0,104.0,567.0,20.0,4.0,5.0
20220308,1233.53,1232.26,1238.83,1227.97,0.0011,1.389999999999873,일반언론,0.33035714285714285,0.12351190476190477,0.5461309523809523,672.0,네이버금융,0.6666666666666666,0.3333333333333333,0.0,12.0,222.0,83.0,367.0,8.0,4.0,0.0
20220309,1223.13,1233.64,1235.94,1222.75,-0.0084,-10.399999999999864,일반언론,0.3013182674199623,0.1016949152542373,0.5969868173258004,531.0,네이버금융,0.7,0.2,0.1,20.0,160.0,54.0,317.0,14.0,4.0,2.0
20220310,1228.83,1223.24,1231.74,1223.13,0.0046999999999999,5.699999999999818,일반언론,0.2801857585139319,0.11145510835913312,0.608359133126935,646.0,네이버금융,0.6842105263157895,0.15789473684210525,0.15789473684210525,19.0,181.0,72.0,393.0,13.0,3.0,3.0
20220311,1237.08,1228.77,1237.91,1228.23,0.0067,8.25,일반언론,0.2593192868719611,0.11993517017828201,0.6207455429497569,617.0,네이버금융,0.47058823529411764,0.5294117647058824,0.0,17.0,160.0,74.0,383.0,8.0,9.0,0.0
20220314,1240.64,1237.1,1242.82,1234.68,0.0029,3.560000000000173,일반언론,0.2850378787878788,0.1240530303030303,0.5909090909090909,1056.0,네이버금융,0.22580645161290322,0.4838709677419355,0.2903225806451613,31.0,301.0,131.0,624.0,7.0,15.0,9.0
20220315,1240.62,1242.01,1247.35,1239.3,-0.0,-0.0200000000002091,일반언론,0.23941605839416058,0.11386861313868613,0.6467153284671533,685.0,네이버금융,0.6923076923076923,0.07692307692307693,0.23076923076923078,13.0,164.0,78.0,443.0,9.0,1.0,3.0
20220316,1225.35,1241.66,1244.06,1225.32,-0.0123,-15.269999999999982,일반언론,0.30654761904761907,0.11011904761904762,0.5833333333333334,672.0,네이버금융,0.5,0.45,0.05,20.0,206.0,74.0,392.0,10.0,9.0,1.0
20220317,1209.89,1224.95,1227.7,1207.83,-0.0126,-15.459999999999807,일반언론,0.2705530642750374,0.11210762331838565,0.617339312406577,669.0,네이버금융,0.5789473684210527,0.2631578947368421,0.15789473684210525,19.0,181.0,75.0,413.0,11.0,5.0,3.0
20220318,1211.15,1210.58,1217.27,1207.01,0.001,1.259999999999991,일반언론,0.2821270310192024,0.11964549483013294,0.5982274741506647,677.0,네이버금융,0.2777777777777778,0.5555555555555556,0.16666666666666666,18.0,191.0,81.0,405.0,5.0,10.0,3.0
20220321,1217.55,1211.55,1219.23,1210.39,0.0053,6.399999999999864,일반언론,0.26536312849162014,0.1005586592178771,0.6340782122905028,1074.0,네이버금융,0.7,0.1,0.2,30.0,285.0,108.0,681.0,21.0,3.0,6.0
20220322,1215.07,1218.82,1223.92,1214.51,-0.002,-2.480000000000018,일반언론,0.2460202604920405,0.09261939218523878,0.6613603473227206,691.0,네이버금융,0.6923076923076923,0.23076923076923078,0.07692307692307693,13.0,170.0,64.0,457.0,9.0,3.0,1.0
20220323,1218.62,1215.19,1219.8,1210.91,0.0029,3.5499999999999545,일반언론,0.24393723252496433,0.1340941512125535,0.6219686162624821,701.0,네이버금융,0.42105263157894735,0.3157894736842105,0.2631578947368421,19.0,171.0,94.0,436.0,8.0,6.0,5.0
20220324,1219.58,1219.02,1225.05,1217.1,0.0008,0.9600000000000364,일반언론,0.22237380627557982,0.10504774897680765,0.6725784447476125,733.0,네이버금융,0.7777777777777778,0.2222222222222222,0.0,18.0,163.0,77.0,493.0,14.0,4.0,0.0
20220325,1225.08,1221.0,1226.31,1216.35,0.0045,5.5,일반언론,0.28450704225352114,0.09718309859154929,0.6183098591549295,710.0,네이버금융,0.5555555555555556,0.3333333333333333,0.1111111111111111,18.0,202.0,69.0,439.0,10.0,6.0,2.0
20220328,1223.65,1224.4,1227.86,1222.27,-0.0012,-1.4299999999998363,일반언론,0.2667893284268629,0.10119595216191353,0.6320147194112236,1087.0,네이버금융,0.32142857142857145,0.32142857142857145,0.35714285714285715,28.0,290.0,110.0,687.0,9.0,9.0,10.0
20220329,1207.35,1223.82,1225.12,1207.27,-0.0133,-16.300000000000182,일반언론,0.2507418397626113,0.1142433234421365,0.6350148367952523,674.0,네이버금융,0.38461538461538464,0.3076923076923077,0.3076923076923077,13.0,169.0,77.0,428.0,5.0,4.0,4.0
20220330,1210.31,1208.19,1213.22,1207.06,0.0025,2.9600000000000364,일반언론,0.26384839650145775,0.10641399416909621,0.6297376093294461,686.0,네이버금융,0.5,0.4,0.1,20.0,181.0,73.0,432.0,10.0,8.0,2.0
20220331,1214.17,1210.51,1215.47,1208.16,0.0032,3.8600000000001273,일반언론,0.2555720653789004,0.10549777117384844,0.6389301634472511,673.0,네이버금융,0.8333333333333334,0.1111111111111111,0.05555555555555555,18.0,172.0,71.0,430.0,15.0,2.0,1.0
20220401,1219.73,1215.13,1220.27,1214.39,0.0046,5.559999999999945,일반언론,0.2740740740740741,0.12148148148148148,0.6044444444444445,675.0,네이버금융,0.29411764705882354,0.47058823529411764,0.23529411764705882,17.0,185.0,82.0,408.0,5.0,8.0,4.0
20220404,1213.75,1219.8,1220.26,1213.54,-0.0049,-5.980000000000018,일반언론,0.26753670473083196,0.11092985318107668,0.6215334420880914,613.0,네이버금융,0.0,0.2857142857142857,0.7142857142857143,7.0,164.0,68.0,381.0,0.0,2.0,5.0
20220405,1218.22,1214.49,1220.31,1210.31,0.0037,4.470000000000027,일반언론,0.2644230769230769,0.11538461538461539,0.6201923076923077,624.0,네이버금융,0.25,0.6666666666666666,0.08333333333333333,12.0,165.0,72.0,387.0,3.0,8.0,1.0
20220406,1217.48,1218.82,1221.95,1215.85,-0.0006,-0.7400000000000091,일반언론,0.28996865203761757,0.0987460815047022,0.6112852664576802,638.0,네이버금융,0.2777777777777778,0.6666666666666666,0.05555555555555555,18.0,185.0,63.0,390.0,5.0,12.0,1.0
20220407,1222.55,1217.6,1223.95,1216.37,0.0042,5.069999999999936,일반언론,0.27662721893491127,0.11982248520710059,0.6035502958579881,676.0,네이버금융,0.1875,0.625,0.1875,16.0,187.0,81.0,408.0,3.0,10.0,3.0
20220408,1229.19,1222.76,1230.86,1221.29,0.0054,6.6400000000001,일반언론,0.28419452887537994,0.13829787234042554,0.5775075987841946,658.0,네이버금융,0.35294117647058826,0.5294117647058824,0.11764705882352941,17.0,187.0,91.0,380.0,6.0,9.0,2.0
20220411,1234.32,1228.95,1236.81,1228.94,0.0042,5.129999999999882,일반언론,0.2681297709923664,0.10114503816793893,0.6307251908396947,1048.0,네이버금융,0.3333333333333333,0.5925925925925926,0.07407407407407407,27.0,281.0,106.0,661.0,9.0,16.0,2.0
20220412,1228.08,1234.9,1238.63,1224.52,-0.0051,-6.240000000000009,일반언론,0.28955223880597014,0.11044776119402985,0.6,670.0,네이버금융,0.08333333333333333,0.6666666666666666,0.25,12.0,194.0,74.0,402.0,1.0,8.0,3.0
20220413,1223.23,1228.15,1231.69,1221.71,-0.0039,-4.849999999999909,일반언론,0.3013698630136986,0.1004566210045662,0.5981735159817352,657.0,네이버금융,0.3684210526315789,0.3684210526315789,0.2631578947368421,19.0,198.0,66.0,393.0,7.0,7.0,5.0
20220414,1230.15,1223.36,1231.57,1222.61,0.0056999999999999,6.920000000000073,일반언론,0.2433234421364985,0.11275964391691394,0.6439169139465876,674.0,네이버금융,0.42105263157894735,0.42105263157894735,0.15789473684210525,19.0,164.0,76.0,434.0,8.0,8.0,3.0
20220415,1228.19,1230.26,1232.11,1227.01,-0.0016,-1.9600000000000364,일반언론,0.2647887323943662,0.12394366197183099,0.6112676056338028,710.0,네이버금융,0.5,0.3,0.2,20.0,188.0,88.0,434.0,10.0,6.0,4.0
20220418,1235.22,1229.08,1235.81,1228.88,0.0056999999999999,7.029999999999973,일반언론,0.28957528957528955,0.10038610038610038,0.61003861003861,1036.0,네이버금융,0.10714285714285714,0.8214285714285714,0.07142857142857142,28.0,300.0,104.0,632.0,3.0,23.0,2.0
20220419,1239.53,1235.45,1242.67,1233.17,0.0034999999999999,4.309999999999945,일반언론,0.2503617945007236,0.09696092619392185,0.6526772793053546,691.0,네이버금융,0.6923076923076923,0.07692307692307693,0.23076923076923078,13.0,173.0,67.0,451.0,9.0,1.0,3.0
20220420,1233.66,1239.81,1241.04,1232.37,-0.0046999999999999,-5.869999999999891,일반언론,0.30214723926380366,0.10736196319018405,0.5904907975460123,652.0,네이버금융,0.5555555555555556,0.4444444444444444,0.0,18.0,197.0,70.0,385.0,10.0,8.0,0.0
20220421,1242.81,1233.98,1244.95,1233.85,0.0074,9.149999999999864,일반언론,0.27153284671532846,0.10656934306569343,0.621897810218978,685.0,네이버금융,0.95,0.0,0.05,20.0,186.0,73.0,426.0,19.0,0.0,1.0
20220422,1244.11,1242.34,1247.45,1238.45,0.001,1.2999999999999543,일반언론,0.2900763358778626,0.11297709923664122,0.5969465648854961,655.0,네이버금융,0.3888888888888889,0.5,0.1111111111111111,18.0,190.0,74.0,391.0,7.0,9.0,2.0
20220425,1250.1,1244.4,1253.77,1243.63,0.0048,5.990000000000009,일반언론,0.2756349952963311,0.09219190968955786,0.632173095014111,1063.0,네이버금융,0.32142857142857145,0.4642857142857143,0.21428571428571427,28.0,293.0,98.0,672.0,9.0,13.0,6.0
20220426,1260.67,1250.22,1261.43,1245.14,0.0085,10.570000000000164,일반언론,0.2696793002915452,0.119533527696793,0.6107871720116618,686.0,네이버금융,0.23076923076923078,0.6153846153846154,0.15384615384615385,13.0,185.0,82.0,419.0,3.0,8.0,2.0
20220427,1266.27,1260.98,1270.72,1260.89,0.0044,5.599999999999909,일반언론,0.31797235023041476,0.10138248847926268,0.5806451612903226,651.0,네이버금융,0.631578947368421,0.2631578947368421,0.10526315789473684,19.0,207.0,66.0,378.0,12.0,5.0,2.0
20220428,1272.11,1266.4,1276.56,1264.27,0.0046,5.839999999999918,일반언론,0.24925816023738873,0.13353115727002968,0.6172106824925816,674.0,네이버금융,0.631578947368421,0.2631578947368421,0.10526315789473684,19.0,168.0,90.0,416.0,12.0,5.0,2.0
20220429,1263.48,1272.41,1272.41,1254.87,-0.0068,-8.629999999999882,일반언론,0.32653061224489793,0.10675039246467818,0.5667189952904239,637.0,네이버금융,0.7058823529411765,0.17647058823529413,0.11764705882352941,17.0,208.0,68.0,361.0,12.0,3.0,2.0
20220502,1267.51,1264.65,1270.75,1262.88,0.0032,4.029999999999973,일반언론,0.3042168674698795,0.0893574297188755,0.606425702811245,996.0,네이버금융,0.42857142857142855,0.17857142857142858,0.39285714285714285,28.0,303.0,89.0,604.0,12.0,5.0,11.0
20220503,1260.35,1267.64,1268.77,1260.11,-0.0056,-7.160000000000082,일반언론,0.2784256559766764,0.11224489795918367,0.60932944606414,686.0,네이버금융,0.8461538461538461,0.0,0.15384615384615385,13.0,191.0,77.0,418.0,11.0,0.0,2.0
20220504,1251.51,1260.95,1267.49,1250.61,-0.0069999999999999,-8.839999999999918,일반언론,0.2912912912912913,0.10810810810810811,0.6006006006006006,666.0,네이버금융,0.23529411764705882,0.47058823529411764,0.29411764705882354,17.0,194.0,72.0,400.0,4.0,8.0,5.0
20220505,1269.2,1251.53,1274.36,1250.42,0.0141,17.690000000000055,일반언론,0.3048327137546468,0.10037174721189591,0.5947955390334573,538.0,네이버금융,1.0,0.0,0.0,3.0,164.0,54.0,320.0,3.0,0.0,0.0
20220506,1269.99,1269.56,1276.46,1266.98,0.0006,0.7899999999999636,일반언론,0.28317152103559873,0.11974110032362459,0.5970873786407767,618.0,네이버금융,0.3888888888888889,0.5,0.1111111111111111,18.0,175.0,74.0,369.0,7.0,9.0,2.0
20220509,1274.28,1270.41,1278.35,1270.29,0.0034,4.289999999999964,일반언론,0.29141716566866266,0.09181636726546906,0.6167664670658682,1002.0,네이버금융,0.25,0.4642857142857143,0.2857142857142857,28.0,292.0,92.0,618.0,7.0,13.0,8.0
20220510,1276.48,1275.01,1278.94,1271.37,0.0017,2.200000000000045,일반언론,0.24881889763779527,0.11023622047244094,0.6409448818897637,635.0,네이버금융,0.3,0.5,0.2,10.0,158.0,70.0,407.0,3.0,5.0,2.0
20220511,1279.03,1276.63,1280.55,1272.35,0.002,2.5499999999999545,일반언론,0.21791044776119403,0.13134328358208955,0.6507462686567164,670.0,네이버금융,0.8421052631578947,0.10526315789473684,0.05263157894736842,19.0,146.0,88.0,436.0,16.0,2.0,1.0
20220512,1290.72,1279.14,1293.14,1278.47,0.0091,11.690000000000056,일반언론,0.2863636363636364,0.10606060606060606,0.6075757575757575,660.0,네이버금융,0.8888888888888888,0.0,0.1111111111111111,18.0,189.0,70.0,401.0,16.0,0.0,2.0
20220513,1278.45,1290.87,1291.74,1278.22,-0.0095,-12.269999999999982,일반언론,0.31546707503828486,0.10872894333843798,0.5758039816232772,653.0,네이버금융,0.8888888888888888,0.1111111111111111,0.0,18.0,206.0,71.0,376.0,16.0,2.0,0.0
20220516,1280.38,1278.56,1286.56,1276.16,0.0015,1.930000000000064,일반언론,0.3228271251193887,0.1069723018147087,0.5702005730659025,1047.0,네이버금융,0.2222222222222222,0.6296296296296297,0.14814814814814814,27.0,338.0,112.0,597.0,6.0,17.0,4.0
20220517,1266.5,1280.64,1281.44,1264.02,-0.0108,-13.88000000000011,일반언론,0.27899686520376177,0.11442006269592477,0.6065830721003135,638.0,네이버금융,0.6153846153846154,0.23076923076923078,0.15384615384615385,13.0,178.0,73.0,387.0,8.0,3.0,2.0
20220518,1275.33,1266.8,1276.98,1263.93,0.0069999999999999,8.829999999999927,일반언론,0.2770700636942675,0.09394904458598727,0.6289808917197452,628.0,네이버금융,0.5555555555555556,0.3333333333333333,0.1111111111111111,18.0,174.0,59.0,395.0,10.0,6.0,2.0
20220519,1262.61,1276.0,1280.63,1261.35,-0.01,-12.720000000000027,일반언론,0.25152439024390244,0.12652439024390244,0.6219512195121951,656.0,네이버금융,1.0,0.0,0.0,5.0,165.0,83.0,408.0,5.0,0.0,0.0
20220520,1273.59,1263.99,1277.18,1263.05,0.0087,10.980000000000018,일반언론,0.30906389301634474,0.10698365527488855,0.5839524517087668,673.0,네이버금융,0.95,0.05,0.0,20.0,208.0,72.0,393.0,19.0,1.0,0.0
20220523,1257.88,1270.41,1272.97,1258.36,-0.0123,-15.709999999999807,일반언론,0.24725274725274726,0.13278388278388278,0.61996336996337,1092.0,네이버금융,0.5,0.25,0.25,28.0,270.0,145.0,677.0,14.0,7.0,7.0
20220524,1261.03,1258.87,1266.72,1258.21,0.0025,3.149999999999864,일반언론,0.24299065420560748,0.1308411214953271,0.6261682242990654,642.0,네이버금융,1.0,0.0,0.0,12.0,156.0,84.0,402.0,12.0,0.0,0.0
20220525,1266.41,1261.14,1271.95,1260.06,0.0043,5.380000000000109,일반언론,0.25223880597014925,0.11194029850746269,0.6358208955223881,670.0,네이버금융,0.2,0.65,0.15,20.0,169.0,75.0,426.0,4.0,13.0,3.0
20220526,1260.02,1266.55,1269.73,1259.34,-0.005,-6.3900000000001,일반언론,0.2844574780058651,0.10557184750733138,0.6099706744868035,682.0,네이버금융,0.7894736842105263,0.15789473684210525,0.05263157894736842,19.0,194.0,72.0,416.0,15.0,3.0,1.0
20220527,1251.99,1260.29,1262.13,1248.85,-0.0064,-8.029999999999973,일반언론,0.2548476454293629,0.12049861495844875,0.6246537396121884,722.0,네이버금융,0.47368421052631576,0.21052631578947367,0.3157894736842105,19.0,184.0,87.0,451.0,9.0,4.0,6.0
20220530,1234.85,1251.1,1253.58,1234.55,-0.0137,-17.1400000000001,일반언론,0.2695167286245353,0.120817843866171,0.6096654275092936,1076.0,네이버금융,0.4074074074074074,0.4074074074074074,0.18518518518518517,27.0,290.0,130.0,656.0,11.0,11.0,5.0
20220531,1242.26,1235.6,1243.89,1234.72,0.006,7.410000000000082,일반언론,0.20980091883614088,0.14548238897396631,0.6447166921898928,653.0,네이버금융,0.3076923076923077,0.6153846153846154,0.07692307692307693,13.0,137.0,95.0,421.0,4.0,8.0,1.0
20220601,1246.89,1242.48,1248.58,1240.29,0.0037,4.630000000000109,일반언론,0.3306122448979592,0.06938775510204082,0.6,490.0,네이버금융,0.35714285714285715,0.5,0.14285714285714285,14.0,162.0,34.0,294.0,5.0,7.0,2.0
20220602,1240.32,1247.23,1255.04,1240.67,-0.0053,-6.570000000000164,일반언론,0.27806563039723664,0.12607944732297063,0.5958549222797928,579.0,네이버금융,0.5,0.3888888888888889,0.1111111111111111,18.0,161.0,73.0,345.0,9.0,7.0,2.0
20220603,1250.58,1241.14,1252.23,1238.47,0.0083,10.259999999999993,일반언론,0.24324324324324326,0.13195548489666137,0.6248012718600954,629.0,네이버금융,0.15789473684210525,0.7368421052631579,0.10526315789473684,19.0,153.0,83.0,393.0,3.0,14.0,2.0
20220606,1254.45,1251.86,1255.7,1248.23,0.0031,3.8700000000001182,일반언론,0.30978260869565216,0.09347826086956522,0.5967391304347827,920.0,네이버금융,0.5862068965517241,0.20689655172413793,0.20689655172413793,29.0,285.0,86.0,549.0,17.0,6.0,6.0
20220607,1254.36,1254.8,1260.15,1253.06,-0.0001,-0.0900000000001455,일반언론,0.2973421926910299,0.11129568106312292,0.5913621262458472,602.0,네이버금융,0.6153846153846154,0.38461538461538464,0.0,13.0,179.0,67.0,356.0,8.0,5.0,0.0
20220608,1256.81,1254.85,1258.92,1253.17,0.002,2.450000000000045,일반언론,0.2848101265822785,0.0949367088607595,0.620253164556962,632.0,네이버금융,0.55,0.1,0.35,20.0,180.0,60.0,392.0,11.0,2.0,7.0
20220609,1264.04,1257.22,1267.19,1253.34,0.0058,7.230000000000018,일반언론,0.28761061946902655,0.1224188790560472,0.5899705014749262,678.0,네이버금융,0.625,0.1875,0.1875,16.0,195.0,83.0,400.0,10.0,3.0,3.0
20220610,1279.32,1264.38,1283.85,1263.14,0.0121,15.279999999999973,일반언론,0.3167701863354037,0.10869565217391304,0.5745341614906833,644.0,네이버금융,0.631578947368421,0.05263157894736842,0.3157894736842105,19.0,204.0,70.0,370.0,12.0,1.0,6.0
20220613,1291.68,1279.43,1294.37,1278.88,0.0097,12.360000000000127,일반언론,0.32406519654841803,0.08149568552253116,0.5944391179290508,1043.0,네이버금융,0.4482758620689655,0.27586206896551724,0.27586206896551724,29.0,338.0,85.0,620.0,13.0,8.0,8.0
20220614,1289.57,1291.88,1292.65,1285.25,-0.0016,-2.1100000000001278,일반언론,0.33689024390243905,0.10213414634146341,0.5609756097560976,656.0,네이버금융,0.5,0.25,0.25,12.0,221.0,67.0,368.0,6.0,3.0,3.0
20220615,1277.9,1289.92,1293.72,1278.02,-0.009,-11.669999999999844,일반언론,0.2786624203821656,0.11942675159235669,0.6019108280254777,628.0,네이버금융,0.3,0.5,0.2,20.0,175.0,75.0,378.0,6.0,10.0,4.0
20220616,1288.23,1278.38,1296.59,1277.06,0.0081,10.329999999999927,일반언론,0.29954614220877457,0.10287443267776097,0.5975794251134644,661.0,네이버금융,0.2631578947368421,0.42105263157894735,0.3157894736842105,19.0,198.0,68.0,395.0,5.0,8.0,6.0
20220617,1291.26,1288.57,1296.67,1282.29,0.0024,3.0299999999999727,일반언론,0.31008902077151335,0.08902077151335312,0.6008902077151336,674.0,네이버금융,0.5,0.2222222222222222,0.2777777777777778,18.0,209.0,60.0,405.0,9.0,4.0,5.0
20220620,1291.54,1291.5,1296.26,1287.91,0.0002,0.2799999999999727,일반언론,0.31477927063339733,0.10268714011516315,0.5825335892514395,1042.0,네이버금융,0.41379310344827586,0.3103448275862069,0.27586206896551724,29.0,328.0,107.0,607.0,12.0,9.0,8.0
20220621,1291.72,1292.55,1294.29,1287.34,0.0001,0.1800000000000636,일반언론,0.3217522658610272,0.10725075528700906,0.5709969788519638,662.0,네이버금융,0.75,0.16666666666666666,0.08333333333333333,12.0,213.0,71.0,378.0,9.0,2.0,1.0
20220622,1297.58,1292.08,1305.26,1290.69,0.0045,5.8599999999999,일반언론,0.2698650674662669,0.12593703148425786,0.6041979010494752,667.0,네이버금융,0.3,0.5,0.2,20.0,180.0,84.0,403.0,6.0,10.0,4.0
20220623,1299.81,1297.69,1307.92,1296.32,0.0017,2.230000000000018,일반언론,0.292022792022792,0.12393162393162394,0.584045584045584,702.0,네이버금융,0.47368421052631576,0.47368421052631576,0.05263157894736842,19.0,205.0,87.0,410.0,9.0,9.0,1.0
20220624,1288.89,1300.14,1302.32,1288.11,-0.0084,-10.919999999999844,일반언론,0.3072289156626506,0.10391566265060241,0.588855421686747,664.0,네이버금융,0.7,0.15,0.15,20.0,204.0,69.0,391.0,14.0,3.0,3.0
20220627,1286.31,1289.29,1293.35,1280.58,-0.002,-2.5800000000001546,일반언론,0.3088655862726406,0.08293612964728313,0.6081982840800763,1049.0,네이버금융,0.375,0.5416666666666666,0.08333333333333333,24.0,324.0,87.0,638.0,9.0,13.0,2.0
20220628,1292.06,1286.63,1293.0,1281.46,0.0045,5.75,일반언론,0.3016344725111441,0.09361069836552749,0.6047548291233283,673.0,네이버금융,0.4166666666666667,0.25,0.3333333333333333,12.0,203.0,63.0,407.0,5.0,3.0,4.0
20220629,1301.9,1292.43,1302.8,1289.34,0.0076,9.840000000000146,일반언론,0.3021148036253776,0.10876132930513595,0.5891238670694864,662.0,네이버금융,0.5,0.25,0.25,20.0,200.0,72.0,390.0,10.0,5.0,5.0
20220630,1287.51,1301.96,1304.24,1287.35,-0.0111,-14.3900000000001,일반언론,0.2815533980582524,0.11812297734627832,0.6003236245954693,618.0,네이버금융,0.5263157894736842,0.42105263157894735,0.05263157894736842,19.0,174.0,73.0,371.0,10.0,8.0,1.0
