date,Open,High,Low,Close,거래량,거래대금,상장시가총액,Change,press_c,0_percent_c,1_percent_c,2_percent_c,뉴스개수_c,press_f,0_percent_f,1_percent_f,2_percent_f,뉴스개수_f,부정_c,긍정_c,중립_c,부정_f,긍정_f,중립_f
20210601,982.25,984.61,979.13,984.59,1779134671,9307170000000.0,410199000000000.0,,일반언론,0.2702702702702703,0.10270270270270271,0.6270270270270271,740.0,네이버금융,0.35714285714285715,0.5,0.14285714285714285,14,200.0,76.0,464.0,5.0,7.0,2.0
20210602,985.5,986.0,977.74,981.1,1608837586,9639650000000.0,408627000000000.0,-0.354462263,일반언론,0.2536656891495601,0.12316715542521994,0.6231671554252199,682.0,네이버금융,0.5,0.3888888888888889,0.1111111111111111,18,173.0,84.0,425.0,9.0,7.0,2.0
20210603,981.52,992.01,981.52,990.19,1704638309,8903650000000.0,412624000000000.0,0.926511059,일반언론,0.2594670406732118,0.09957924263674614,0.6409537166900421,713.0,네이버금융,0.15789473684210525,0.7368421052631579,0.10526315789473684,19,185.0,71.0,457.0,3.0,14.0,2.0
20210604,990.16,990.16,983.02,987.58,2145264098,9881300000000.0,411627000000000.0,-0.263585776,일반언론,0.2562326869806094,0.1260387811634349,0.6177285318559557,722.0,네이버금융,0.7894736842105263,0.10526315789473684,0.10526315789473684,19,185.0,91.0,446.0,15.0,2.0,2.0
20210607,989.16,993.06,982.14,985.86,1954562972,9593190000000.0,410941000000000.0,-0.174163106,일반언론,0.2923809523809524,0.09904761904761905,0.6085714285714285,1050.0,네이버금융,0.43478260869565216,0.391304347826087,0.17391304347826086,23,307.0,104.0,639.0,10.0,9.0,4.0
20210608,986.43,988.35,982.75,986.12,1870820092,10590600000000.0,411013000000000.0,0.026372913,일반언론,0.2624113475177305,0.1148936170212766,0.6226950354609929,705.0,네이버금융,0.55,0.1,0.35,20,185.0,81.0,439.0,11.0,2.0,7.0
20210609,986.59,989.15,978.79,978.79,1687026003,10707200000000.0,407968000000000.0,-0.743317243,일반언론,0.29108635097493035,0.11977715877437325,0.5891364902506964,718.0,네이버금융,0.625,0.1875,0.1875,16,209.0,86.0,423.0,10.0,3.0,3.0
20210610,979.52,993.08,979.47,987.77,1822081867,11158600000000.0,411720000000000.0,0.917459312,일반언론,0.2679355783308931,0.13177159590043924,0.6002928257686676,683.0,네이버금융,0.631578947368421,0.05263157894736842,0.3157894736842105,19,183.0,90.0,410.0,12.0,1.0,6.0
20210611,989.39,993.9,989.15,991.13,1548048245,9302580000000.0,413453000000000.0,0.340160159,일반언론,0.23295454545454544,0.10653409090909091,0.6605113636363636,704.0,네이버금융,0.5263157894736842,0.3157894736842105,0.15789473684210525,19,164.0,75.0,465.0,10.0,6.0,3.0
20210614,992.8,998.85,991.93,997.41,1410029915,8648790000000.0,416060000000000.0,0.633620211,일반언론,0.2755102040816326,0.09369202226345083,0.6307977736549165,1078.0,네이버금융,0.4090909090909091,0.22727272727272727,0.36363636363636365,22,297.0,101.0,680.0,9.0,5.0,8.0
20210615,998.05,999.53,993.64,997.37,1643386486,9272010000000.0,415923000000000.0,-0.0040103869,일반언론,0.2178932178932179,0.1038961038961039,0.6782106782106783,693.0,네이버금융,0.3,0.5,0.2,20,151.0,72.0,470.0,6.0,10.0,4.0
20210616,997.68,1000.43,995.35,998.49,1435443567,8458790000000.0,416454000000000.0,0.112295337,일반언론,0.23809523809523808,0.10714285714285714,0.6547619047619048,672.0,네이버금융,0.2631578947368421,0.42105263157894735,0.3157894736842105,19,160.0,72.0,440.0,5.0,8.0,6.0
20210617,998.27,1004.7,994.76,1003.72,1879605156,10138800000000.0,418787000000000.0,0.523790924,일반언론,0.26207906295754024,0.10248901903367497,0.6354319180087847,683.0,네이버금융,0.5,0.2222222222222222,0.2777777777777778,18,179.0,70.0,434.0,9.0,4.0,5.0
20210618,1004.57,1016.33,1004.57,1015.88,1849423450,11630300000000.0,423922000000000.0,1.211493245,일반언론,0.2524682651622003,0.10437235543018336,0.6431593794076164,709.0,네이버금융,0.47368421052631576,0.2631578947368421,0.2631578947368421,19,179.0,74.0,456.0,9.0,5.0,5.0
20210621,1014.59,1014.59,1006.83,1010.99,1506150987,11060000000000.0,421945000000000.0,-0.481356066,일반언론,0.31309297912713474,0.0920303605313093,0.594876660341556,1054.0,네이버금융,0.5454545454545454,0.2727272727272727,0.18181818181818182,22,330.0,97.0,627.0,12.0,6.0,4.0
20210622,1012.01,1016.7,1008.11,1011.56,1611178252,11362000000000.0,422123000000000.0,0.0563803796,일반언론,0.2895480225988701,0.1228813559322034,0.5875706214689266,708.0,네이버금융,0.3,0.5,0.2,20,205.0,87.0,416.0,6.0,10.0,4.0
20210623,1012.78,1020.85,1012.78,1016.46,1861225824,15440000000000.0,424694000000000.0,0.484400332,일반언론,0.2741046831955923,0.12396694214876033,0.6019283746556474,726.0,네이버금융,0.47368421052631576,0.47368421052631576,0.05263157894736842,19,199.0,90.0,437.0,9.0,9.0,1.0
20210624,1017.11,1019.35,1010.18,1012.62,1862769084,12802700000000.0,423111000000000.0,-0.377781713,일반언론,0.2843273231622746,0.09431345353675451,0.6213592233009708,721.0,네이버금융,0.7,0.15,0.15,20,205.0,68.0,448.0,14.0,3.0,3.0
20210625,1013.97,1018.98,1011.31,1012.13,1340335001,9845820000000.0,423254000000000.0,-0.0483893267,일반언론,0.2661064425770308,0.09943977591036414,0.634453781512605,714.0,네이버금융,0.47058823529411764,0.47058823529411764,0.058823529411764705,17,190.0,71.0,453.0,8.0,8.0,1.0
20210628,1013.47,1018.76,1013.47,1017.91,1587502357,9860920000000.0,425676000000000.0,0.571072886,일반언론,0.2550091074681239,0.10837887067395265,0.6366120218579235,1098.0,네이버금융,0.3157894736842105,0.42105263157894735,0.2631578947368421,19,280.0,119.0,699.0,6.0,8.0,5.0
20210629,1019.64,1026.83,1019.28,1022.52,2061941918,11864800000000.0,427689000000000.0,0.452888762,일반언론,0.23949579831932774,0.11064425770308123,0.6498599439775911,714.0,네이버금융,0.5,0.25,0.25,20,171.0,79.0,464.0,10.0,5.0,5.0
20210630,1023.74,1030.94,1023.74,1029.96,2086090133,10424600000000.0,430852000000000.0,0.72761413,일반언론,0.23042168674698796,0.11144578313253012,0.6581325301204819,664.0,네이버금융,0.5263157894736842,0.42105263157894735,0.05263157894736842,19,153.0,74.0,437.0,10.0,8.0,1.0
20210701,1030.48,1036.47,1028.48,1035.64,1686829722,11193200000000.0,433343000000000.0,0.551477727,일반언론,0.2614795918367347,0.11862244897959184,0.6198979591836735,784.0,네이버금융,0.6111111111111112,0.2777777777777778,0.1111111111111111,18,205.0,93.0,486.0,11.0,5.0,2.0
20210702,1036.28,1038.54,1033.94,1038.18,1685412039,12315400000000.0,434368000000000.0,0.24525897,일반언론,0.27358490566037735,0.10646900269541779,0.6199460916442049,742.0,네이버금융,0.55,0.35,0.1,20,203.0,79.0,460.0,11.0,7.0,2.0
20210705,1039.79,1048.16,1039.79,1047.33,1743060742,13870100000000.0,438134000000000.0,0.881350055,일반언론,0.32983794089609153,0.10772163965681601,0.5624404194470924,1049.0,네이버금융,0.14285714285714285,0.6666666666666666,0.19047619047619047,21,346.0,113.0,590.0,3.0,14.0,4.0
20210706,1047.6,1049.24,1043.51,1044.96,1964143239,12052400000000.0,436409000000000.0,-0.226289708,일반언론,0.24152542372881355,0.13135593220338984,0.6271186440677966,708.0,네이버금융,0.3333333333333333,0.4666666666666667,0.2,15,171.0,93.0,444.0,5.0,7.0,3.0
20210707,1045.0,1050.31,1042.42,1047.36,1692983960,13770400000000.0,437765000000000.0,0.229673863,일반언론,0.27896995708154504,0.10872675250357654,0.6123032904148784,699.0,네이버금융,0.5882352941176471,0.23529411764705882,0.17647058823529413,17,195.0,76.0,428.0,10.0,4.0,3.0
20210708,1047.96,1049.95,1028.14,1034.48,1869433462,15076500000000.0,432463000000000.0,-1.229758631,일반언론,0.2892086330935252,0.1237410071942446,0.5870503597122302,695.0,네이버금융,0.7777777777777778,0.1111111111111111,0.1111111111111111,18,201.0,86.0,408.0,14.0,2.0,2.0
20210709,1031.78,1031.78,1013.91,1028.93,2188638702,16117000000000.0,430338000000000.0,-0.536501431,일반언론,0.3185378590078329,0.13577023498694518,0.5456919060052219,766.0,네이버금융,0.8823529411764706,0.0,0.11764705882352941,17,244.0,104.0,418.0,15.0,0.0,2.0
20210712,1030.36,1037.01,1030.36,1034.64,1716579256,10521200000000.0,432782000000000.0,0.554945429,일반언론,0.3412625800548948,0.08325709057639524,0.57548032936871,1093.0,네이버금융,0.3,0.55,0.15,20,373.0,91.0,629.0,6.0,11.0,3.0
20210713,1035.68,1044.64,1035.68,1043.31,1706838384,12868900000000.0,436638000000000.0,0.837972628,일반언론,0.3125,0.08866279069767442,0.5988372093023255,688.0,네이버금융,0.42105263157894735,0.42105263157894735,0.15789473684210525,19,215.0,61.0,412.0,8.0,8.0,3.0
20210714,1043.5,1045.45,1038.68,1044.98,1714355799,12921500000000.0,437311000000000.0,0.160067478,일반언론,0.3430232558139535,0.09593023255813954,0.561046511627907,688.0,네이버금융,0.625,0.3125,0.0625,16,236.0,66.0,386.0,10.0,5.0,1.0
20210715,1046.57,1055.82,1046.57,1054.31,2057346426,14717700000000.0,441302000000000.0,0.892840054,일반언론,0.3399715504978663,0.09246088193456614,0.5675675675675675,703.0,네이버금융,0.5,0.4375,0.0625,16,239.0,65.0,399.0,8.0,7.0,1.0
20210716,1053.85,1053.95,1044.7,1051.98,1728614265,11962100000000.0,439278000000000.0,-0.220997619,일반언론,0.31024531024531027,0.09812409812409813,0.5916305916305916,693.0,네이버금융,0.9444444444444444,0.0,0.05555555555555555,18,215.0,68.0,410.0,17.0,0.0,1.0
20210719,1049.51,1051.45,1046.9,1049.83,1404708503,11490900000000.0,438255000000000.0,-0.204376509,일반언론,0.3237410071942446,0.07284172661870504,0.6034172661870504,1112.0,네이버금융,0.6190476190476191,0.0,0.38095238095238093,21,360.0,81.0,671.0,13.0,0.0,8.0
20210720,1040.99,1049.2,1036.14,1043.64,1645090439,13173200000000.0,435764000000000.0,-0.589619272,일반언론,0.32994186046511625,0.09156976744186046,0.5784883720930233,688.0,네이버금융,0.8,0.1,0.1,20,227.0,63.0,398.0,16.0,2.0,2.0
20210721,1051.73,1051.95,1041.44,1042.03,1322431057,12054400000000.0,435137000000000.0,-0.154267755,일반언론,0.31334332833583206,0.1199400299850075,0.5667166416791605,667.0,네이버금융,0.6666666666666666,0.3333333333333333,0.0,18,209.0,80.0,378.0,12.0,6.0,0.0
20210722,1046.51,1051.94,1046.51,1050.25,1623555413,13719600000000.0,438723000000000.0,0.788844851,일반언론,0.30484330484330485,0.11538461538461539,0.5797720797720798,702.0,네이버금융,0.2777777777777778,0.7222222222222222,0.0,18,214.0,81.0,407.0,5.0,13.0,0.0
20210723,1053.01,1059.18,1053.01,1055.5,1387871291,11490000000000.0,441045000000000.0,0.499880981,일반언론,0.30612244897959184,0.1151603498542274,0.5787172011661808,686.0,네이버금융,0.47368421052631576,0.3684210526315789,0.15789473684210525,19,210.0,79.0,397.0,9.0,7.0,3.0
20210726,1059.91,1060.21,1045.27,1047.63,1267942889,11547900000000.0,437944000000000.0,-0.74561819,일반언론,0.30438842203548083,0.08496732026143791,0.6106442577030813,1071.0,네이버금융,0.5714285714285714,0.19047619047619047,0.23809523809523808,21,326.0,91.0,654.0,12.0,4.0,5.0
20210727,1050.87,1053.46,1045.66,1046.55,1550178367,11787600000000.0,438070000000000.0,-0.103089831,일반언론,0.2966360856269113,0.11773700305810397,0.5856269113149847,654.0,네이버금융,0.5882352941176471,0.4117647058823529,0.0,17,194.0,77.0,383.0,10.0,7.0,0.0
20210728,1043.19,1048.78,1030.04,1035.68,1421011305,11763100000000.0,433790000000000.0,-1.038650805,일반언론,0.279320987654321,0.16666666666666666,0.5540123456790124,648.0,네이버금융,0.7222222222222222,0.05555555555555555,0.2222222222222222,18,181.0,108.0,359.0,13.0,1.0,4.0
20210729,1040.45,1044.79,1039.26,1044.13,1206053845,10242200000000.0,436016000000000.0,0.815889078,일반언론,0.2894356005788712,0.14616497829232997,0.5643994211287988,691.0,네이버금융,0.5263157894736842,0.2631578947368421,0.21052631578947367,19,200.0,101.0,390.0,10.0,5.0,4.0
20210730,1044.28,1044.36,1029.19,1031.14,1339556449,10862100000000.0,431003000000000.0,-1.244097957,일반언론,0.28263988522238165,0.11621233859397417,0.6011477761836442,697.0,네이버금융,0.75,0.1875,0.0625,16,197.0,81.0,419.0,12.0,3.0,1.0
20210802,1033.17,1038.49,1029.26,1037.8,1202119976,9558870000000.0,433576000000000.0,0.645887076,일반언론,0.31841302136317395,0.10986775178026449,0.5717192268565615,983.0,네이버금융,0.47619047619047616,0.2857142857142857,0.23809523809523808,21,313.0,108.0,562.0,10.0,6.0,5.0
20210803,1038.91,1041.76,1029.05,1036.11,1504475073,11502900000000.0,432871000000000.0,-0.162844479,일반언론,0.33169129720853857,0.10837438423645321,0.5599343185550082,609.0,네이버금융,0.45,0.4,0.15,20,202.0,66.0,341.0,9.0,8.0,3.0
20210804,1038.96,1047.93,1035.98,1047.93,1485459389,12036700000000.0,437927000000000.0,1.140805513,일반언론,0.3524451939291737,0.11298482293423272,0.5345699831365935,593.0,네이버금융,0.2777777777777778,0.6666666666666666,0.05555555555555555,18,209.0,67.0,317.0,5.0,12.0,1.0
20210805,1050.45,1060.14,1050.32,1059.54,1374783413,11892700000000.0,442746000000000.0,1.107898428,일반언론,0.29833333333333334,0.14,0.5616666666666666,600.0,네이버금융,0.5882352941176471,0.23529411764705882,0.17647058823529413,17,179.0,84.0,337.0,10.0,4.0,3.0
20210806,1061.32,1062.03,1055.64,1059.8,1346819616,10222600000000.0,442943000000000.0,0.0245389509,일반언론,0.3137254901960784,0.08660130718954248,0.5996732026143791,612.0,네이버금융,0.5333333333333333,0.3333333333333333,0.13333333333333333,15,192.0,53.0,367.0,8.0,5.0,2.0
20210809,1059.29,1061.78,1054.58,1060.0,1352833724,13620300000000.0,443086000000000.0,0.0188714852,일반언론,0.3239299610894942,0.11089494163424124,0.5651750972762646,1028.0,네이버금융,0.15,0.5,0.35,20,333.0,114.0,581.0,3.0,10.0,7.0
20210810,1060.9,1060.9,1048.98,1052.07,1689404454,12998300000000.0,439963000000000.0,-0.748113208,일반언론,0.26519337016574585,0.12569060773480664,0.6091160220994475,724.0,네이버금융,0.875,0.0625,0.0625,16,192.0,91.0,441.0,14.0,1.0,1.0
20210811,1050.48,1057.03,1048.7,1051.92,1308328199,12738100000000.0,440942000000000.0,-0.0142576064,일반언론,0.2986425339366516,0.14027149321266968,0.5610859728506787,663.0,네이버금융,0.6875,0.25,0.0625,16,198.0,93.0,372.0,11.0,4.0,1.0
20210812,1054.16,1058.41,1052.21,1054.09,1089521907,12692300000000.0,441879000000000.0,0.206289452,일반언론,0.3183791606367583,0.08827785817655572,0.5933429811866859,691.0,네이버금융,0.625,0.375,0.0,16,220.0,61.0,410.0,10.0,6.0,0.0
20210813,1054.28,1054.46,1024.48,1040.78,1372315163,13044600000000.0,436625000000000.0,-1.262700528,일반언론,0.31512605042016806,0.11904761904761904,0.5658263305322129,714.0,네이버금융,0.7857142857142857,0.14285714285714285,0.07142857142857142,14,225.0,85.0,404.0,11.0,2.0,1.0
20210817,1039.66,1039.66,1009.21,1011.05,1176479166,12262400000000.0,424665000000000.0,-2.856511463,일반언론,0.2904761904761905,0.12857142857142856,0.580952380952381,630.0,네이버금융,0.6842105263157895,0.2631578947368421,0.05263157894736842,19,183.0,81.0,366.0,13.0,5.0,1.0
20210818,1006.8,1022.09,999.26,1021.08,1095404874,11748700000000.0,428808000000000.0,0.99203798,일반언론,0.3068702290076336,0.1099236641221374,0.583206106870229,655.0,네이버금융,0.7058823529411765,0.23529411764705882,0.058823529411764705,17,201.0,72.0,382.0,12.0,4.0,1.0
20210819,1013.93,1022.77,991.13,991.15,1401855005,12148900000000.0,416693000000000.0,-2.931210091,일반언론,0.34416543574593794,0.0827178729689808,0.5731166912850812,677.0,네이버금융,0.8235294117647058,0.058823529411764705,0.11764705882352941,17,233.0,56.0,388.0,14.0,1.0,2.0
20210820,997.02,1000.67,964.02,967.9,1266099067,12190400000000.0,408592000000000.0,-2.345759976,일반언론,0.34534534534534533,0.07957957957957958,0.575075075075075,666.0,네이버금융,0.8888888888888888,0.1111111111111111,0.0,18,230.0,53.0,383.0,16.0,2.0,0.0
20210823,977.87,996.23,969.48,993.18,993511266,10296600000000.0,419218000000000.0,2.611840066,일반언론,0.36233269598470363,0.07265774378585087,0.5650095602294455,1046.0,네이버금융,0.2,0.45,0.35,20,379.0,76.0,591.0,4.0,9.0,7.0
20210824,1002.19,1015.09,1000.72,1013.18,1326076918,12377700000000.0,427039000000000.0,2.013733664,일반언론,0.2915451895043732,0.10932944606413994,0.5991253644314869,686.0,네이버금융,0.15789473684210525,0.8421052631578947,0.0,19,200.0,75.0,411.0,3.0,16.0,0.0
20210825,1017.96,1017.96,1006.98,1017.78,1225841208,10816500000000.0,429489000000000.0,0.454016068,일반언론,0.2869692532942899,0.11859443631039532,0.5944363103953147,683.0,네이버금융,0.375,0.4375,0.1875,16,196.0,81.0,406.0,6.0,7.0,3.0
20210826,1020.85,1026.26,1015.91,1020.44,1081654384,11180200000000.0,430320000000000.0,0.261353141,일반언론,0.2819767441860465,0.1119186046511628,0.6061046511627907,688.0,네이버금융,0.5882352941176471,0.29411764705882354,0.11764705882352941,17,194.0,77.0,417.0,10.0,5.0,2.0
20210827,1017.36,1027.26,1014.1,1023.51,1298908156,11406700000000.0,431572000000000.0,0.300850613,일반언론,0.2664756446991404,0.10888252148997135,0.6246418338108882,698.0,네이버금융,0.5555555555555556,0.2222222222222222,0.2222222222222222,18,186.0,76.0,436.0,10.0,4.0,4.0
20210830,1030.65,1035.77,1027.84,1031.84,1178120943,12200200000000.0,435388000000000.0,0.81386601,일반언론,0.3099467140319716,0.09680284191829484,0.5932504440497336,1126.0,네이버금융,0.22727272727272727,0.5454545454545454,0.22727272727272727,22,349.0,109.0,668.0,5.0,12.0,5.0
20210831,1032.77,1038.33,1026.36,1038.33,1243473897,13623900000000.0,438023000000000.0,0.628973484,일반언론,0.24431818181818182,0.09090909090909091,0.6647727272727273,704.0,네이버금융,0.2631578947368421,0.631578947368421,0.10526315789473684,19,172.0,64.0,468.0,5.0,12.0,2.0
20210901,1038.09,1046.0,1035.09,1045.98,1145478500,12022600000000.0,440813000000000.0,0.73675999,일반언론,0.3195718654434251,0.12996941896024464,0.5504587155963303,654.0,네이버금융,0.5,0.3333333333333333,0.16666666666666666,18,209.0,85.0,360.0,9.0,6.0,3.0
20210902,1048.15,1048.2,1042.36,1047.19,1292476797,11427900000000.0,441260000000000.0,0.115680988,일반언론,0.2795549374130737,0.10152990264255911,0.6189151599443672,719.0,네이버금융,0.7647058823529411,0.11764705882352941,0.11764705882352941,17,201.0,73.0,445.0,13.0,2.0,2.0
20210903,1049.81,1054.53,1047.12,1053.85,1435361402,12103400000000.0,444099000000000.0,0.635987739,일반언론,0.30362537764350456,0.1042296072507553,0.5921450151057401,662.0,네이버금융,0.35714285714285715,0.42857142857142855,0.21428571428571427,14,201.0,69.0,392.0,5.0,6.0,3.0
20210906,1056.3,1056.3,1049.27,1052.96,1331555858,10880600000000.0,444025000000000.0,-0.0844522465,일반언론,0.2917063870352717,0.09914204003813155,0.6091515729265967,1049.0,네이버금융,0.6363636363636364,0.09090909090909091,0.2727272727272727,22,306.0,104.0,639.0,14.0,2.0,6.0
20210907,1054.03,1054.76,1049.8,1054.43,1568516031,11912900000000.0,444755000000000.0,0.139606443,일반언론,0.2406576980568012,0.11061285500747384,0.648729446935725,669.0,네이버금융,0.6,0.26666666666666666,0.13333333333333333,15,161.0,74.0,434.0,9.0,4.0,2.0
20210908,1053.46,1053.46,1037.22,1037.22,1479336261,11490300000000.0,437822000000000.0,-1.632161452,일반언론,0.23809523809523808,0.08630952380952381,0.6755952380952381,672.0,네이버금융,0.875,0.0625,0.0625,16,160.0,58.0,454.0,14.0,1.0,1.0
20210909,1033.97,1042.04,1027.64,1034.62,1414153405,11120000000000.0,436799000000000.0,-0.25067006,일반언론,0.2764456981664316,0.1071932299012694,0.616361071932299,709.0,네이버금융,0.9285714285714286,0.0,0.07142857142857142,14,196.0,76.0,437.0,13.0,0.0,1.0
20210910,1035.86,1039.73,1026.97,1037.91,1378379001,11346300000000.0,438789000000000.0,0.317991147,일반언론,0.2839160839160839,0.08391608391608392,0.6321678321678321,715.0,네이버금융,0.3125,0.5,0.1875,16,203.0,60.0,452.0,5.0,8.0,3.0
20210913,1036.86,1037.5,1023.98,1026.34,1261320042,11293300000000.0,433474000000000.0,-1.114740199,일반언론,0.2797270955165692,0.09649122807017543,0.6237816764132553,1026.0,네이버금융,0.7777777777777778,0.05555555555555555,0.16666666666666666,18,287.0,99.0,640.0,14.0,1.0,3.0
20210914,1029.57,1038.94,1028.4,1037.74,1157085076,10835000000000.0,438236000000000.0,1.110743029,일반언론,0.28469241773962806,0.10157367668097282,0.6137339055793991,699.0,네이버금융,0.35714285714285715,0.2857142857142857,0.35714285714285715,14,199.0,71.0,429.0,5.0,4.0,5.0
20210915,1039.57,1044.26,1038.8,1042.79,1438562152,10981000000000.0,440310000000000.0,0.486634417,일반언론,0.270392749244713,0.10574018126888217,0.6238670694864048,662.0,네이버금융,0.5294117647058824,0.47058823529411764,0.0,17,179.0,70.0,413.0,9.0,8.0,0.0
20210916,1047.85,1048.37,1037.72,1039.43,1131795685,9824590000000.0,438750000000000.0,-0.322212526,일반언론,0.258493353028065,0.1344165435745938,0.6070901033973413,677.0,네이버금융,0.8666666666666667,0.13333333333333333,0.0,15,175.0,91.0,411.0,13.0,2.0,0.0
20210917,1040.73,1046.13,1033.69,1046.12,1160928052,10015700000000.0,441460000000000.0,0.643621985,일반언론,0.24714285714285714,0.11428571428571428,0.6385714285714286,700.0,네이버금융,0.5882352941176471,0.35294117647058826,0.058823529411764705,17,173.0,80.0,447.0,10.0,6.0,1.0
20210923,1040.38,1043.58,1036.25,1036.26,968174945,8944860000000.0,437575000000000.0,-0.942530494,일반언론,0.3017656500802568,0.1332263242375602,0.565008025682183,623.0,네이버금융,0.5294117647058824,0.4117647058823529,0.058823529411764705,17,188.0,83.0,352.0,9.0,7.0,1.0
20210924,1040.43,1045.21,1034.8,1037.03,1306783503,11609000000000.0,438343000000000.0,0.0743056762,일반언론,0.33779761904761907,0.09077380952380952,0.5714285714285714,672.0,네이버금융,0.42857142857142855,0.42857142857142855,0.14285714285714285,14,227.0,61.0,384.0,6.0,6.0,2.0
20210927,1037.21,1039.63,1031.93,1034.82,1045959758,9391060000000.0,438031000000000.0,-0.213108589,일반언론,0.3108233117483811,0.11840888066604996,0.5707678075855689,1081.0,네이버금융,0.6875,0.25,0.0625,16,336.0,128.0,617.0,11.0,4.0,1.0
20210928,1034.04,1034.07,1012.51,1012.51,1396083037,11058100000000.0,428896000000000.0,-2.1559305,일반언론,0.2537313432835821,0.11641791044776119,0.6298507462686567,670.0,네이버금융,0.7333333333333333,0.13333333333333333,0.13333333333333333,15,170.0,78.0,422.0,11.0,2.0,2.0
20210929,994.61,1004.85,989.07,1001.46,1313134191,10231100000000.0,424693000000000.0,-1.091347246,일반언론,0.3022556390977444,0.09924812030075188,0.5984962406015037,665.0,네이버금융,0.8571428571428571,0.07142857142857142,0.07142857142857142,14,201.0,66.0,398.0,12.0,1.0,1.0
20210930,1001.92,1010.03,999.58,1003.27,1290217375,10377000000000.0,425618000000000.0,0.180736125,일반언론,0.28251748251748254,0.11048951048951049,0.606993006993007,715.0,네이버금융,0.5625,0.375,0.0625,16,202.0,79.0,434.0,9.0,6.0,1.0
20211001,998.7,1002.68,982.26,983.2,1371271438,11792100000000.0,416952000000000.0,-2.000458501,일반언론,0.26995645863570394,0.07402031930333818,0.6560232220609579,689.0,네이버금융,0.9375,0.0,0.0625,16,186.0,51.0,452.0,15.0,0.0,1.0
20211005,974.24,974.24,950.09,955.37,1346265019,11661400000000.0,405150000000000.0,-2.830553295,일반언론,0.2991913746630728,0.11230907457322552,0.5884995507637018,1113.0,네이버금융,0.5,0.2,0.3,20,333.0,125.0,655.0,10.0,4.0,6.0
20211006,962.62,967.67,922.36,922.36,1651916244,13277900000000.0,392728000000000.0,-3.455205836,일반언론,0.3079136690647482,0.11654676258992806,0.5755395683453237,695.0,네이버금융,0.6923076923076923,0.3076923076923077,0.0,13,214.0,81.0,400.0,9.0,4.0,0.0
20211007,932.65,953.48,932.32,953.43,1353557216,10685900000000.0,406546000000000.0,3.368532894,일반언론,0.31520223152022314,0.08647140864714087,0.5983263598326359,717.0,네이버금융,0.21428571428571427,0.7857142857142857,0.0,14,226.0,62.0,429.0,3.0,11.0,0.0
20211008,959.81,961.72,948.02,953.11,1339875035,11200300000000.0,406605000000000.0,-0.0335630303,일반언론,0.2938076416337286,0.11462450592885376,0.5915678524374176,759.0,네이버금융,0.4666666666666667,0.4,0.13333333333333333,15,223.0,87.0,449.0,7.0,6.0,2.0
20211012,951.12,951.12,936.95,940.15,1142383534,8629240000000.0,401106000000000.0,-1.359759104,일반언론,0.26339969372128635,0.11485451761102604,0.6217457886676876,653.0,네이버금융,0.875,0.0625,0.0625,16,172.0,75.0,406.0,14.0,1.0,1.0
20211013,939.4,954.63,939.28,953.47,1049502909,9340620000000.0,406746000000000.0,1.416795192,일반언론,0.2768115942028985,0.10289855072463767,0.6202898550724638,690.0,네이버금융,0.4666666666666667,0.5333333333333333,0.0,15,191.0,71.0,428.0,7.0,8.0,0.0
20211014,960.58,983.63,960.52,983.43,1191419853,11105900000000.0,419563000000000.0,3.142206886,일반언론,0.2369186046511628,0.13953488372093023,0.623546511627907,688.0,네이버금융,0.375,0.625,0.0,16,163.0,96.0,429.0,6.0,10.0,0.0
20211015,990.24,992.16,981.83,990.54,1365015404,11765000000000.0,422904000000000.0,0.722979775,일반언론,0.2867540029112082,0.10771470160116449,0.6055312954876274,687.0,네이버금융,0.3125,0.5625,0.125,16,197.0,74.0,416.0,5.0,9.0,2.0
20211018,992.57,997.92,985.14,993.86,1188921086,9740210000000.0,424331000000000.0,0.335170715,일반언론,0.27502338634237605,0.10102899906454631,0.6239476145930777,1069.0,네이버금융,0.3684210526315789,0.47368421052631576,0.15789473684210525,19,294.0,108.0,667.0,7.0,9.0,3.0
20211019,997.57,1005.35,997.1,1005.35,1375183920,12240800000000.0,429311000000000.0,1.156098444,일반언론,0.28171091445427726,0.12831858407079647,0.5899705014749262,678.0,네이버금융,0.23529411764705882,0.6470588235294118,0.11764705882352941,17,191.0,87.0,400.0,4.0,11.0,2.0
20211020,1009.11,1011.55,1001.1,1001.62,1552193249,11827300000000.0,427826000000000.0,-0.371015069,일반언론,0.3121301775147929,0.10059171597633136,0.5872781065088757,676.0,네이버금융,0.6,0.2,0.2,15,211.0,68.0,397.0,9.0,3.0,3.0
20211021,1003.48,1004.61,992.04,993.7,1559956716,11817300000000.0,424749000000000.0,-0.790719035,일반언론,0.28304597701149425,0.11781609195402298,0.5991379310344828,696.0,네이버금융,0.7333333333333333,0.2,0.06666666666666667,15,197.0,82.0,417.0,11.0,3.0,1.0
20211022,992.22,1000.15,989.43,995.07,1161757809,10771200000000.0,425781000000000.0,0.137868572,일반언론,0.2868741542625169,0.17050067658998647,0.5426251691474966,739.0,네이버금융,0.6,0.3333333333333333,0.06666666666666667,15,212.0,126.0,401.0,9.0,5.0,1.0
20211025,994.75,995.39,986.55,994.31,1061836072,8737160000000.0,425438000000000.0,-0.0763765363,일반언론,0.2670509125840538,0.10278578290105668,0.6301633045148896,1041.0,네이버금융,0.5,0.2222222222222222,0.2777777777777778,18,278.0,107.0,656.0,9.0,4.0,5.0
20211026,1000.32,1011.76,1000.29,1011.76,1330616766,9991540000000.0,432990000000000.0,1.75498587,일반언론,0.24777448071216618,0.10682492581602374,0.6454005934718101,674.0,네이버금융,0.11764705882352941,0.6470588235294118,0.23529411764705882,17,167.0,72.0,435.0,2.0,11.0,4.0
20211027,1012.91,1013.17,1006.03,1008.95,1273224675,11207900000000.0,431940000000000.0,-0.27773385,일반언론,0.28892215568862273,0.1347305389221557,0.5763473053892215,668.0,네이버금융,0.4666666666666667,0.2,0.3333333333333333,15,193.0,90.0,385.0,7.0,3.0,5.0
20211028,1008.93,1011.5,999.59,1000.13,1311944369,11407400000000.0,428184000000000.0,-0.874176124,일반언론,0.27359781121751026,0.12038303693570451,0.6060191518467852,731.0,네이버금융,0.875,0.0625,0.0625,16,200.0,88.0,443.0,14.0,1.0,1.0
20211029,1004.91,1005.19,991.03,992.33,1318558678,10407000000000.0,425206000000000.0,-0.779898613,일반언론,0.25738396624472576,0.1209563994374121,0.6216596343178622,711.0,네이버금융,0.7647058823529411,0.23529411764705882,0.0,17,183.0,86.0,442.0,13.0,4.0,0.0
20211101,995.56,1001.25,994.28,998.57,1173729999,10938600000000.0,429085000000000.0,0.628823073,일반언론,0.26590693257359926,0.1168091168091168,0.6172839506172839,1053.0,네이버금융,0.6666666666666666,0.19047619047619047,0.14285714285714285,21,280.0,123.0,650.0,14.0,4.0,3.0
20211102,1000.96,1012.2,1000.96,1009.44,1399930759,10826800000000.0,433942000000000.0,1.088556636,일반언론,0.23676470588235293,0.12352941176470589,0.6397058823529411,680.0,네이버금융,0.25,0.5625,0.1875,16,161.0,84.0,435.0,4.0,9.0,3.0
20211103,1011.2,1013.68,1003.66,1005.0,1099571601,10258800000000.0,432055000000000.0,-0.439847836,일반언론,0.27682737169517885,0.1104199066874028,0.6127527216174183,643.0,네이버금융,0.5,0.3125,0.1875,16,178.0,71.0,394.0,8.0,5.0,3.0
20211104,1012.62,1015.72,995.73,1001.43,1227813093,11418100000000.0,430353000000000.0,-0.355223881,일반언론,0.26944444444444443,0.125,0.6055555555555555,720.0,네이버금융,0.75,0.25,0.0,16,194.0,90.0,436.0,12.0,4.0,0.0
20211105,1006.04,1006.04,995.35,1001.35,1253704592,11271600000000.0,430422000000000.0,-0.00798857634,일반언론,0.272863568215892,0.1454272863568216,0.5817091454272864,667.0,네이버금융,0.7857142857142857,0.14285714285714285,0.07142857142857142,14,182.0,97.0,388.0,11.0,2.0,1.0
20211108,999.08,1003.18,988.36,1002.5,1254164590,10375400000000.0,430896000000000.0,0.114844959,일반언론,0.25626204238921,0.11368015414258188,0.630057803468208,1038.0,네이버금융,0.47368421052631576,0.3157894736842105,0.21052631578947367,19,266.0,118.0,654.0,9.0,6.0,4.0
20211109,1002.51,1010.79,1002.51,1008.68,1245497354,11659300000000.0,433588000000000.0,0.616458853,일반언론,0.28075253256150506,0.11432706222865413,0.6049204052098408,691.0,네이버금융,0.3125,0.5625,0.125,16,194.0,79.0,418.0,5.0,9.0,2.0
20211110,1006.59,1006.9,983.82,987.75,1476502817,14354200000000.0,425780000000000.0,-2.074989095,일반언론,0.2793053545586107,0.11866859623733719,0.6020260492040521,691.0,네이버금융,1.0,0.0,0.0,14,193.0,82.0,416.0,14.0,0.0,0.0
20211111,981.42,994.69,979.68,992.65,1108639885,12919700000000.0,427848000000000.0,0.496076943,일반언론,0.23002754820936638,0.13360881542699724,0.6363636363636364,726.0,네이버금융,0.7333333333333333,0.26666666666666666,0.0,15,167.0,97.0,462.0,11.0,4.0,0.0
20211112,999.29,1009.15,998.14,1009.07,856017580,11961700000000.0,435405000000000.0,1.654158062,일반언론,0.23939393939393938,0.14545454545454545,0.6151515151515151,660.0,네이버금융,0.17647058823529413,0.7058823529411765,0.11764705882352941,17,158.0,96.0,406.0,3.0,12.0,2.0
20211115,1016.35,1029.07,1016.16,1029.03,932602849,11727300000000.0,444075000000000.0,1.978059005,일반언론,0.31900668576886343,0.09455587392550144,0.5864374403056352,1047.0,네이버금융,0.22727272727272727,0.22727272727272727,0.5454545454545454,22,334.0,99.0,614.0,5.0,5.0,12.0
20211116,1029.35,1035.98,1027.07,1035.46,995271359,13409000000000.0,446579000000000.0,0.624860305,일반언론,0.2338935574229692,0.12885154061624648,0.6372549019607843,714.0,네이버금융,0.8235294117647058,0.11764705882352941,0.058823529411764705,17,167.0,92.0,455.0,14.0,2.0,1.0
20211117,1039.36,1039.36,1028.02,1031.26,1410240728,16138300000000.0,445377000000000.0,-0.405616827,일반언론,0.2661764705882353,0.12794117647058822,0.6058823529411764,680.0,네이버금융,0.47058823529411764,0.29411764705882354,0.23529411764705882,17,181.0,87.0,412.0,8.0,5.0,4.0
20211118,1033.16,1034.51,1018.13,1032.77,1467430336,14920600000000.0,446204000000000.0,0.146422823,일반언론,0.25217391304347825,0.12028985507246377,0.6275362318840579,690.0,네이버금융,0.875,0.125,0.0,16,174.0,83.0,433.0,14.0,2.0,0.0
20211119,1032.07,1042.4,1029.54,1041.92,1268957422,13397500000000.0,450938000000000.0,0.885966866,일반언론,0.26586102719033233,0.11329305135951662,0.620845921450151,662.0,네이버금융,0.3333333333333333,0.3333333333333333,0.3333333333333333,15,176.0,75.0,411.0,5.0,5.0,5.0
20211122,1043.55,1045.36,1023.13,1032.31,1320324223,14537300000000.0,447133000000000.0,-0.922335688,일반언론,0.29282296650717704,0.08421052631578947,0.6229665071770335,1045.0,네이버금융,0.2777777777777778,0.2777777777777778,0.4444444444444444,18,306.0,88.0,651.0,5.0,5.0,8.0
20211123,1024.33,1029.08,1012.95,1013.72,1037747986,11656500000000.0,439265000000000.0,-1.800815646,일반언론,0.26080246913580246,0.12654320987654322,0.6126543209876543,648.0,네이버금융,0.7647058823529411,0.11764705882352941,0.11764705882352941,17,169.0,82.0,397.0,13.0,2.0,2.0
20211124,1015.23,1021.13,1003.19,1020.13,1023600040,11197100000000.0,442043000000000.0,0.632324508,일반언론,0.3144560357675112,0.12965722801788376,0.555886736214605,671.0,네이버금융,0.7142857142857143,0.2857142857142857,0.0,14,211.0,87.0,373.0,10.0,4.0,0.0
20211125,1023.41,1025.9,1015.62,1015.66,1097455962,11633800000000.0,439681000000000.0,-0.438179448,일반언론,0.2821997105643994,0.1287988422575977,0.5890014471780028,691.0,네이버금융,0.8666666666666667,0.06666666666666667,0.06666666666666667,15,195.0,89.0,407.0,13.0,1.0,1.0
20211126,1017.9,1021.15,999.4,1005.89,1239981144,14129200000000.0,435589000000000.0,-0.961936081,일반언론,0.24926253687315633,0.10914454277286136,0.6415929203539823,678.0,네이버금융,0.9230769230769231,0.07692307692307693,0.0,13,169.0,74.0,435.0,12.0,1.0,0.0
20211129,986.64,1002.79,980.26,992.34,1347690421,13027900000000.0,429666000000000.0,-1.347065783,일반언론,0.3039485766758494,0.09917355371900827,0.5968778696051423,1089.0,네이버금융,0.7777777777777778,0.16666666666666666,0.05555555555555555,18,331.0,108.0,650.0,14.0,3.0,1.0
20211130,1003.04,1004.83,960.84,965.63,1356752020,15438600000000.0,418808000000000.0,-2.691617792,일반언론,0.256797583081571,0.11027190332326284,0.6329305135951662,662.0,네이버금융,0.5882352941176471,0.23529411764705882,0.17647058823529413,17,170.0,73.0,419.0,10.0,4.0,3.0
20211201,969.9,977.73,949.86,977.15,1079797538,12151000000000.0,423862000000000.0,1.193003531,일반언론,0.3132530120481928,0.10090361445783133,0.5858433734939759,664.0,네이버금융,0.6666666666666666,0.26666666666666666,0.06666666666666667,15,208.0,67.0,389.0,10.0,4.0,1.0
20211202,967.34,978.16,961.98,977.43,1091537350,12346700000000.0,424000000000000.0,0.0286547613,일반언론,0.28794326241134754,0.13049645390070921,0.5815602836879432,705.0,네이버금융,0.625,0.3125,0.0625,16,203.0,92.0,410.0,10.0,5.0,1.0
20211203,981.65,998.49,977.91,998.47,1211827400,10563300000000.0,433214000000000.0,2.152583817,일반언론,0.28837209302325584,0.09767441860465116,0.6139534883720931,645.0,네이버금융,0.4375,0.375,0.1875,16,186.0,63.0,396.0,7.0,6.0,3.0
20211206,990.07,994.15,980.87,991.87,1060487530,10411800000000.0,430238000000000.0,-0.661011347,일반언론,0.30093457943925234,0.11401869158878504,0.5850467289719626,1070.0,네이버금융,0.5,0.1,0.4,20,322.0,122.0,626.0,10.0,2.0,8.0
20211207,996.89,999.52,991.07,996.64,1017251343,11173700000000.0,432398000000000.0,0.480909797,일반언론,0.25299401197604793,0.13323353293413173,0.6137724550898204,668.0,네이버금융,0.375,0.5625,0.0625,16,169.0,89.0,410.0,6.0,9.0,1.0
20211208,1006.61,1012.64,1003.92,1006.04,1065606558,12033900000000.0,436476000000000.0,0.943169048,일반언론,0.2608695652173913,0.12903225806451613,0.6100981767180925,713.0,네이버금융,0.375,0.5,0.125,16,186.0,92.0,435.0,6.0,8.0,2.0
20211209,1009.29,1022.87,1009.29,1022.87,1060993102,11094300000000.0,443671000000000.0,1.67289571,일반언론,0.26262626262626265,0.1240981240981241,0.6132756132756133,693.0,네이버금융,0.26666666666666666,0.5333333333333333,0.2,15,182.0,86.0,425.0,4.0,8.0,3.0
20211210,1016.34,1018.42,1010.02,1011.57,1153420893,11060400000000.0,439847000000000.0,-1.104734717,일반언론,0.3076923076923077,0.11328671328671329,0.579020979020979,715.0,네이버금융,0.8125,0.0625,0.125,16,220.0,81.0,414.0,13.0,1.0,2.0
20211213,1014.27,1014.9,1005.96,1005.96,1339322710,11497800000000.0,437471000000000.0,-0.554583469,일반언론,0.3172613307618129,0.09546769527483125,0.5872709739633558,1037.0,네이버금융,0.3333333333333333,0.3333333333333333,0.3333333333333333,18,329.0,99.0,609.0,6.0,6.0,6.0
20211214,1001.11,1007.73,996.85,1002.81,1081580537,10304000000000.0,436213000000000.0,-0.313133723,일반언론,0.29737609329446063,0.12099125364431487,0.5816326530612245,686.0,네이버금융,0.8666666666666667,0.0,0.13333333333333333,15,204.0,83.0,399.0,13.0,0.0,2.0
20211215,1002.18,1007.44,999.21,1003.52,1125306039,10406600000000.0,436596000000000.0,0.0708010491,일반언론,0.30500758725341426,0.12291350531107739,0.5720789074355084,659.0,네이버금융,0.6875,0.0,0.3125,16,201.0,81.0,377.0,11.0,0.0,5.0
20211216,1013.05,1016.32,1006.9,1007.86,1336914031,12447300000000.0,438852000000000.0,0.432477679,일반언론,0.28407460545193686,0.11764705882352941,0.5982783357245337,697.0,네이버금융,0.2,0.8,0.0,15,198.0,82.0,417.0,3.0,12.0,0.0
20211217,1001.51,1005.36,995.93,1001.26,1095248020,10335800000000.0,436220000000000.0,-0.654852857,일반언론,0.3084795321637427,0.12719298245614036,0.564327485380117,684.0,네이버금융,0.47058823529411764,0.29411764705882354,0.23529411764705882,17,211.0,87.0,386.0,8.0,5.0,4.0
20211220,1001.17,1004.75,990.51,990.51,1009820662,10568800000000.0,431776000000000.0,-1.073647205,일반언론,0.3118580765639589,0.11391223155929038,0.5742296918767507,1071.0,네이버금융,0.5555555555555556,0.2222222222222222,0.2222222222222222,18,334.0,122.0,615.0,10.0,4.0,4.0
20211221,994.53,997.3,982.43,996.6,1371817709,11768300000000.0,434549000000000.0,0.614834782,일반언론,0.27606461086637296,0.11013215859030837,0.6138032305433186,681.0,네이버금융,0.4375,0.4375,0.125,16,188.0,75.0,418.0,7.0,7.0,2.0
20211222,1004.1,1005.23,999.05,1000.13,1182499203,10925700000000.0,436199000000000.0,0.354204295,일반언론,0.27113702623906705,0.141399416909621,0.5874635568513119,686.0,네이버금융,0.25,0.5625,0.1875,16,186.0,97.0,403.0,4.0,9.0,3.0
20211223,1004.45,1007.42,1001.48,1003.31,1435842578,11871000000000.0,437821000000000.0,0.317958665,일반언론,0.26220362622036264,0.11576011157601115,0.6220362622036262,717.0,네이버금융,0.3125,0.625,0.0625,16,188.0,83.0,446.0,5.0,10.0,1.0
20211224,1008.05,1010.98,1005.61,1007.42,1235763775,10866400000000.0,439629000000000.0,0.409644078,일반언론,0.26527570789865873,0.13114754098360656,0.6035767511177347,671.0,네이버금융,0.3333333333333333,0.4666666666666667,0.2,15,178.0,88.0,405.0,5.0,7.0,3.0
20211227,1008.9,1013.7,1006.87,1011.36,1151529210,10044600000000.0,437281000000000.0,0.391098052,일반언론,0.29411764705882354,0.12632594021215043,0.579556412729026,1037.0,네이버금융,0.47058823529411764,0.29411764705882354,0.23529411764705882,17,305.0,131.0,601.0,8.0,5.0,4.0
20211228,1016.29,1027.45,1014.39,1027.44,1286746402,13243100000000.0,444228000000000.0,1.589938301,일반언론,0.25,0.12272727272727273,0.6272727272727273,660.0,네이버금융,0.3125,0.5625,0.125,16,165.0,81.0,414.0,5.0,9.0,2.0
20211229,1028.46,1034.05,1022.73,1028.05,950937045,11683600000000.0,443469000000000.0,0.0593708635,일반언론,0.28012519561815336,0.10172143974960876,0.6181533646322379,639.0,네이버금융,0.7647058823529411,0.23529411764705882,0.0,17,179.0,65.0,395.0,13.0,4.0,0.0
20211230,1029.74,1034.87,1021.59,1033.98,907418457,10102600000000.0,446297000000000.0,0.576820194,일반언론,0.28217054263565894,0.13178294573643412,0.586046511627907,645.0,네이버금융,0.35294117647058826,0.35294117647058826,0.29411764705882354,17,182.0,85.0,378.0,6.0,6.0,5.0
20220103,1038.97,1039.67,1030.57,1037.83,1054529978,10092600000000.0,448124000000000.0,0.372347628,일반언론,0.25989672977624784,0.153184165232358,0.5869191049913941,581.0,네이버금융,0.0,0.5,0.5,6,151.0,89.0,341.0,0.0,3.0,3.0
20220104,1041.07,1041.29,1025.23,1031.66,1324120700,12139400000000.0,445674000000000.0,-0.594509698,일반언론,0.23589001447178004,0.13603473227206947,0.6280752532561505,691.0,네이버금융,0.16666666666666666,0.6666666666666666,0.16666666666666666,12,163.0,94.0,434.0,2.0,8.0,2.0
20220105,1029.12,1029.12,1007.84,1009.62,1500450916,12047800000000.0,436919000000000.0,-2.136362755,일반언론,0.26194144838212635,0.10631741140215717,0.6317411402157165,649.0,네이버금융,0.4,0.45,0.15,20,170.0,69.0,410.0,8.0,9.0,3.0
20220106,993.6,1003.01,979.83,980.3,1461244707,11947600000000.0,424545000000000.0,-2.904062915,일반언론,0.2765647743813683,0.11208151382823872,0.611353711790393,687.0,네이버금융,0.3333333333333333,0.5,0.16666666666666666,18,190.0,77.0,420.0,6.0,9.0,3.0
20220107,986.18,997.02,986.18,995.16,1470712915,9820270000000.0,431724000000000.0,1.515862491,일반언론,0.290625,0.0890625,0.6203125,640.0,네이버금융,0.5,0.2777777777777778,0.2222222222222222,18,186.0,57.0,397.0,9.0,5.0,4.0
20220110,992.49,992.49,976.41,980.38,1270478402,9536210000000.0,425457000000000.0,-1.485188311,일반언론,0.31522793404461685,0.08341416100872939,0.6013579049466538,1031.0,네이버금융,0.4,0.3333333333333333,0.26666666666666666,30,325.0,86.0,620.0,12.0,10.0,8.0
20220111,982.44,985.13,962.91,969.92,1280482436,9752760000000.0,420951000000000.0,-1.06693323,일반언론,0.2876712328767123,0.106544901065449,0.6057838660578386,657.0,네이버금융,0.3333333333333333,0.5833333333333334,0.08333333333333333,12,189.0,70.0,398.0,4.0,7.0,1.0
20220112,978.69,991.71,978.69,991.33,1158100024,9981840000000.0,430201000000000.0,2.207398548,일반언론,0.28763040238450077,0.11624441132637854,0.5961251862891207,671.0,네이버금융,0.7222222222222222,0.0,0.2777777777777778,18,193.0,78.0,400.0,13.0,0.0,5.0
20220113,994.55,994.55,981.31,983.25,1235146232,10045000000000.0,426726000000000.0,-0.815066628,일반언론,0.34036144578313254,0.125,0.5346385542168675,664.0,네이버금융,0.2631578947368421,0.5263157894736842,0.21052631578947367,19,226.0,83.0,355.0,5.0,10.0,4.0
20220114,971.11,977.69,967.19,971.39,1367327453,9305690000000.0,421695000000000.0,-1.206203916,일반언론,0.3343558282208589,0.09815950920245399,0.5674846625766872,652.0,네이버금융,0.5882352941176471,0.17647058823529413,0.23529411764705882,17,218.0,64.0,370.0,10.0,3.0,4.0
20220117,971.81,971.81,954.82,957.9,1111747598,7852820000000.0,415425000000000.0,-1.388731611,일반언론,0.30754536771728747,0.09169054441260745,0.600764087870105,1047.0,네이버금융,0.6785714285714286,0.10714285714285714,0.21428571428571427,28,322.0,96.0,629.0,19.0,3.0,6.0
20220118,959.98,969.17,942.11,943.94,1070286086,8179890000000.0,409391000000000.0,-1.45735463,일반언론,0.30134932533733133,0.0944527736131934,0.6041979010494752,667.0,네이버금융,0.6363636363636364,0.0,0.36363636363636365,11,201.0,63.0,403.0,7.0,0.0,4.0
20220119,935.06,944.81,929.15,933.9,1224551812,7749000000000.0,405063000000000.0,-1.063626925,일반언론,0.3143712574850299,0.1122754491017964,0.5733532934131736,668.0,네이버금융,0.42857142857142855,0.5,0.07142857142857142,14,210.0,75.0,383.0,6.0,7.0,1.0
20220120,934.0,958.7,933.97,958.7,1043809180,7188210000000.0,416430000000000.0,2.655530571,일반언론,0.28717201166180756,0.11807580174927114,0.5947521865889213,686.0,네이버금융,0.25,0.5,0.25,16,197.0,81.0,408.0,4.0,8.0,4.0
20220121,950.67,958.38,937.48,942.85,1128911326,7949730000000.0,409743000000000.0,-1.653280484,일반언론,0.3235747303543914,0.08628659476117104,0.5901386748844376,649.0,네이버금융,0.23529411764705882,0.5882352941176471,0.17647058823529413,17,210.0,56.0,383.0,4.0,10.0,3.0
20220124,935.13,935.13,911.02,915.4,1038913331,7938020000000.0,398459000000000.0,-2.911385692,일반언론,0.3166823751178134,0.08765315739868049,0.5956644674835061,1061.0,네이버금융,0.42857142857142855,0.21428571428571427,0.35714285714285715,28,336.0,93.0,632.0,12.0,6.0,10.0
20220125,920.95,923.07,883.17,889.44,1286527934,8856270000000.0,387167000000000.0,-2.835918724,일반언론,0.27089337175792505,0.14265129682997119,0.5864553314121037,694.0,네이버금융,0.15384615384615385,0.46153846153846156,0.38461538461538464,13,188.0,99.0,407.0,2.0,6.0,5.0
20220126,892.01,900.38,881.68,882.09,1116983736,8871980000000.0,384058000000000.0,-0.826362655,일반언론,0.2950354609929078,0.14042553191489363,0.5645390070921986,705.0,네이버금융,0.47058823529411764,0.4117647058823529,0.11764705882352941,17,208.0,99.0,398.0,8.0,7.0,2.0
20220127,884.23,885.0,847.34,849.23,1174848537,9037590000000.0,369828000000000.0,-3.725243456,일반언론,0.3073463268365817,0.1409295352323838,0.5517241379310345,667.0,네이버금융,0.5789473684210527,0.15789473684210525,0.2631578947368421,19,205.0,94.0,368.0,11.0,3.0,5.0
20220128,852.57,872.87,835.55,872.87,1028107642,9071940000000.0,380260000000000.0,2.783698174,일반언론,0.3053545586107091,0.12735166425470332,0.5672937771345875,691.0,네이버금융,0.8823529411764706,0.0,0.11764705882352941,17,211.0,88.0,392.0,15.0,0.0,2.0
20220203,887.85,898.37,887.02,891.6,1079998296,9307430000000.0,388467000000000.0,2.145794906,일반언론,0.3092105263157895,0.12335526315789473,0.5674342105263158,608.0,네이버금융,0.4666666666666667,0.3333333333333333,0.2,15,188.0,75.0,345.0,7.0,5.0,3.0
20220204,888.51,902.87,886.93,902.87,1053336697,9138400000000.0,393766000000000.0,1.26401974,일반언론,0.3516819571865443,0.0963302752293578,0.5519877675840978,654.0,네이버금융,0.6666666666666666,0.2777777777777778,0.05555555555555555,18,230.0,63.0,361.0,12.0,5.0,1.0
20220207,905.96,905.96,893.91,899.4,901974599,8037460000000.0,392418000000000.0,-0.38432997,일반언론,0.30880929332042595,0.08809293320425944,0.6030977734753146,1033.0,네이버금융,0.32142857142857145,0.5,0.17857142857142858,28,319.0,91.0,623.0,9.0,14.0,5.0
20220208,900.7,907.24,887.54,895.27,1184929632,9593500000000.0,391098000000000.0,-0.459195019,일반언론,0.2696296296296296,0.10518518518518519,0.6251851851851852,675.0,네이버금융,0.9090909090909091,0.0,0.09090909090909091,11,182.0,71.0,422.0,10.0,0.0,1.0
20220209,904.07,910.53,900.86,910.53,890473957,6782620000000.0,397834000000000.0,1.704513722,일반언론,0.2857142857142857,0.10245310245310245,0.6118326118326118,693.0,네이버금융,0.3684210526315789,0.3684210526315789,0.2631578947368421,19,198.0,71.0,424.0,7.0,7.0,5.0
20220210,914.65,914.92,893.21,895.68,858885055,7714200000000.0,391411000000000.0,-1.630918256,일반언론,0.3103448275862069,0.14367816091954022,0.5459770114942529,696.0,네이버금융,0.6,0.2,0.2,20,216.0,100.0,380.0,12.0,4.0,4.0
20220211,885.31,889.42,877.28,877.42,1025547169,7707270000000.0,383603000000000.0,-2.038674527,일반언론,0.281767955801105,0.11187845303867404,0.606353591160221,724.0,네이버금융,1.0,0.0,0.0,3,204.0,81.0,439.0,3.0,0.0,0.0
20220214,864.49,867.24,850.28,852.79,889899460,6732110000000.0,372834000000000.0,-2.807093524,일반언론,0.32558139534883723,0.09581395348837209,0.5786046511627907,1075.0,네이버금융,0.4444444444444444,0.2222222222222222,0.3333333333333333,9,350.0,103.0,622.0,4.0,2.0,3.0
20220215,855.62,860.4,837.83,839.92,1036347162,6961350000000.0,367243000000000.0,-1.509164038,일반언론,0.26029411764705884,0.10735294117647058,0.6323529411764706,680.0,네이버금융,0.3076923076923077,0.38461538461538464,0.3076923076923077,13,177.0,73.0,430.0,4.0,5.0,4.0
20220216,857.54,878.15,857.54,878.15,876748382,7281490000000.0,383989000000000.0,4.551623964,일반언론,0.3058470764617691,0.07946026986506746,0.6146926536731634,667.0,네이버금융,0.35294117647058826,0.47058823529411764,0.17647058823529413,17,204.0,53.0,410.0,6.0,8.0,3.0
20220217,879.12,890.78,858.78,874.22,1171956008,8927370000000.0,382333000000000.0,-0.447531743,일반언론,0.27866473149492016,0.1320754716981132,0.5892597968069666,689.0,네이버금융,0.6111111111111112,0.16666666666666666,0.2222222222222222,18,192.0,91.0,406.0,11.0,3.0,4.0
20220218,862.19,882.01,860.81,881.71,953404999,6306610000000.0,385828000000000.0,0.856763744,일반언론,0.3352601156069364,0.1069364161849711,0.5578034682080925,692.0,네이버금융,0.7333333333333333,0.2,0.06666666666666667,15,232.0,74.0,386.0,11.0,3.0,1.0
20220221,871.23,884.26,865.58,884.25,865985994,5780450000000.0,387158000000000.0,0.288076578,일반언론,0.31861804222648754,0.08445297504798464,0.5969289827255279,1042.0,네이버금융,0.5,0.2857142857142857,0.21428571428571427,28,332.0,88.0,622.0,14.0,8.0,6.0
20220222,869.08,878.33,865.23,868.11,1103601733,7066240000000.0,380676000000000.0,-1.825275657,일반언론,0.29461756373937675,0.11473087818696884,0.5906515580736544,706.0,네이버금융,0.8461538461538461,0.07692307692307693,0.07692307692307693,13,208.0,81.0,417.0,11.0,1.0,1.0
20220223,873.32,879.98,870.25,877.33,1084257343,6859830000000.0,384958000000000.0,1.062077387,일반언론,0.29685157421289354,0.10944527736131934,0.5937031484257871,667.0,네이버금융,0.8,0.15,0.05,20,198.0,73.0,396.0,16.0,3.0,1.0
20220224,869.24,870.58,847.86,848.21,1678595090,8953090000000.0,372263000000000.0,-3.319161547,일반언론,0.29,0.11,0.6,700.0,네이버금융,0.5294117647058824,0.23529411764705882,0.23529411764705882,17,203.0,77.0,420.0,9.0,4.0,4.0
20220225,864.72,872.98,863.47,872.98,1373455481,8691600000000.0,383234000000000.0,2.920267387,일반언론,0.2942008486562942,0.09618104667609619,0.6096181046676096,707.0,네이버금융,0.5,0.3888888888888889,0.1111111111111111,18,208.0,68.0,431.0,9.0,7.0,2.0
20220228,870.27,881.07,868.91,881.07,1071362969,6936760000000.0,387034000000000.0,0.926710807,일반언론,0.3358070500927644,0.12523191094619665,0.538961038961039,1078.0,네이버금융,0.8,0.08,0.12,25,362.0,135.0,581.0,20.0,2.0,3.0
20220302,880.62,896.8,879.03,895.45,1039389675,6874850000000.0,393343000000000.0,1.632106416,일반언론,0.3580645161290323,0.0967741935483871,0.5451612903225806,620.0,네이버금융,0.15,0.7,0.15,20,222.0,60.0,338.0,3.0,14.0,3.0
20220303,901.28,912.35,899.85,912.32,1059669757,8396540000000.0,401110000000000.0,1.883968954,일반언론,0.31085043988269795,0.06451612903225806,0.624633431085044,682.0,네이버금융,0.42105263157894735,0.3684210526315789,0.21052631578947367,19,212.0,44.0,426.0,8.0,7.0,4.0
20220304,908.47,909.24,896.84,900.96,1000716536,7349000000000.0,396398000000000.0,-1.245177131,일반언론,0.26521739130434785,0.14782608695652175,0.5869565217391305,690.0,네이버금융,0.7777777777777778,0.1111111111111111,0.1111111111111111,18,183.0,102.0,405.0,14.0,2.0,2.0
20220307,889.95,889.95,878.45,881.54,865671012,6334510000000.0,387916000000000.0,-2.155478601,일반언론,0.3560460652591171,0.09980806142034548,0.5441458733205374,1042.0,네이버금융,0.6896551724137931,0.13793103448275862,0.1724137931034483,29,371.0,104.0,567.0,20.0,4.0,5.0
20220308,869.05,881.3,864.69,870.14,981991611,7405890000000.0,382990000000000.0,-1.29319146,일반언론,0.33035714285714285,0.12351190476190477,0.5461309523809523,672.0,네이버금융,0.6666666666666666,0.3333333333333333,0.0,12,222.0,83.0,367.0,8.0,4.0,0.0
20220310,885.05,892.55,884.98,889.08,987431107,7435470000000.0,391288000000000.0,2.176661227,일반언론,0.2801857585139319,0.11145510835913312,0.608359133126935,646.0,네이버금융,0.6842105263157895,0.15789473684210525,0.15789473684210525,19,181.0,72.0,393.0,13.0,3.0,3.0
20220311,888.57,894.99,887.28,891.71,1128282684,7829920000000.0,392473000000000.0,0.295811401,일반언론,0.2593192868719611,0.11993517017828201,0.6207455429497569,617.0,네이버금융,0.47058823529411764,0.5294117647058824,0.0,17,160.0,74.0,383.0,8.0,9.0,0.0
20220314,893.18,893.18,870.81,872.44,1154157954,9133400000000.0,384019000000000.0,-2.161016474,일반언론,0.2850378787878788,0.1240530303030303,0.5909090909090909,1056.0,네이버금융,0.22580645161290322,0.4838709677419355,0.2903225806451613,31,301.0,131.0,624.0,7.0,15.0,9.0
20220315,870.33,874.73,866.47,871.22,1194863731,7817050000000.0,383589000000000.0,-0.139837697,일반언론,0.23941605839416058,0.11386861313868613,0.6467153284671533,685.0,네이버금융,0.6923076923076923,0.07692307692307693,0.23076923076923078,13,164.0,78.0,443.0,9.0,1.0,3.0
20220316,881.89,891.8,879.68,891.8,1347121286,7779380000000.0,392807000000000.0,2.362204724,일반언론,0.30654761904761907,0.11011904761904762,0.5833333333333334,672.0,네이버금융,0.5,0.45,0.05,20,206.0,74.0,392.0,10.0,9.0,1.0
20220317,903.75,916.22,903.75,914.13,1462932895,9832700000000.0,402564000000000.0,2.503924647,일반언론,0.2705530642750374,0.11210762331838565,0.617339312406577,669.0,네이버금융,0.5789473684210527,0.2631578947368421,0.15789473684210525,19,181.0,75.0,413.0,11.0,5.0,3.0
20220318,915.29,922.99,912.0,922.96,1200427471,8475000000000.0,406720000000000.0,0.965945763,일반언론,0.2821270310192024,0.11964549483013294,0.5982274741506647,677.0,네이버금융,0.2777777777777778,0.5555555555555556,0.16666666666666666,18,191.0,81.0,405.0,5.0,10.0,3.0
20220321,926.86,926.86,917.93,918.4,1333272216,8416900000000.0,404917000000000.0,-0.494062581,일반언론,0.26536312849162014,0.1005586592178771,0.6340782122905028,1074.0,네이버금융,0.7,0.1,0.2,30,285.0,108.0,681.0,21.0,3.0,6.0
20220322,916.7,924.72,914.33,924.67,1392364387,9800670000000.0,407904000000000.0,0.682709059,일반언론,0.2460202604920405,0.09261939218523878,0.6613603473227206,691.0,네이버금융,0.6923076923076923,0.23076923076923078,0.07692307692307693,13,170.0,64.0,457.0,9.0,3.0,1.0
20220323,929.35,933.27,927.02,930.57,1442826026,11241500000000.0,410597000000000.0,0.638065472,일반언론,0.24393723252496433,0.1340941512125535,0.6219686162624821,701.0,네이버금융,0.42105263157894735,0.3157894736842105,0.2631578947368421,19,171.0,94.0,436.0,8.0,6.0,5.0
20220324,926.29,931.87,920.69,931.75,1381161798,11123800000000.0,411477000000000.0,0.126804002,일반언론,0.22237380627557982,0.10504774897680765,0.6725784447476125,733.0,네이버금융,0.7777777777777778,0.2222222222222222,0.0,18,163.0,77.0,493.0,14.0,4.0,0.0
20220325,936.94,937.69,933.09,934.69,1568700133,11253900000000.0,412929000000000.0,0.315535283,일반언론,0.28450704225352114,0.09718309859154929,0.6183098591549295,710.0,네이버금융,0.5555555555555556,0.3333333333333333,0.1111111111111111,18,202.0,69.0,439.0,10.0,6.0,2.0
20220328,934.18,934.18,926.55,927.11,1374925556,9545340000000.0,409536000000000.0,-0.810964063,일반언론,0.2667893284268629,0.10119595216191353,0.6320147194112236,1087.0,네이버금융,0.32142857142857145,0.32142857142857145,0.35714285714285715,28,290.0,110.0,687.0,9.0,9.0,10.0
20220329,932.86,937.83,930.34,937.83,1459601369,10371500000000.0,414363000000000.0,1.156281347,일반언론,0.2507418397626113,0.1142433234421365,0.6350148367952523,674.0,네이버금융,0.38461538461538464,0.3076923076923077,0.3076923076923077,13,169.0,77.0,428.0,5.0,4.0,4.0
20220330,942.08,943.3,936.91,939.07,1537106736,9222850000000.0,415191000000000.0,0.132220125,일반언론,0.26384839650145775,0.10641399416909621,0.6297376093294461,686.0,네이버금융,0.5,0.4,0.1,20,181.0,73.0,432.0,10.0,8.0,2.0
20220331,936.66,944.92,936.2,944.53,1424833366,9307450000000.0,417317000000000.0,0.581426305,일반언론,0.2555720653789004,0.10549777117384844,0.6389301634472511,673.0,네이버금융,0.8333333333333334,0.1111111111111111,0.05555555555555555,18,172.0,71.0,430.0,15.0,2.0,1.0
20220401,940.49,942.22,936.86,940.57,1252845693,8425960000000.0,415796000000000.0,-0.419256138,일반언론,0.2740740740740741,0.12148148148148148,0.6044444444444445,675.0,네이버금융,0.29411764705882354,0.47058823529411764,0.23529411764705882,17,185.0,82.0,408.0,5.0,8.0,4.0
20220404,940.47,947.33,938.45,947.32,1089321829,6757590000000.0,418736000000000.0,0.717649936,일반언론,0.26753670473083196,0.11092985318107668,0.6215334420880914,613.0,네이버금융,0.0,0.2857142857142857,0.7142857142857143,7,164.0,68.0,381.0,0.0,2.0,5.0
20220405,950.89,953.06,949.46,952.47,1639513628,8474700000000.0,420360000000000.0,0.543638897,일반언론,0.2644230769230769,0.11538461538461539,0.6201923076923077,624.0,네이버금융,0.25,0.6666666666666666,0.08333333333333333,12,165.0,72.0,387.0,3.0,8.0,1.0
20220406,944.27,947.41,939.82,943.13,1405795481,8945970000000.0,416395000000000.0,-0.980608313,일반언론,0.28996865203761757,0.0987460815047022,0.6112852664576802,638.0,네이버금융,0.2777777777777778,0.6666666666666666,0.05555555555555555,18,185.0,63.0,390.0,5.0,12.0,1.0
20220407,936.92,936.92,925.91,927.95,1182004185,8336300000000.0,409710000000000.0,-1.609534211,일반언론,0.27662721893491127,0.11982248520710059,0.6035502958579881,676.0,네이버금융,0.1875,0.625,0.1875,16,187.0,81.0,408.0,3.0,10.0,3.0
20220408,931.98,935.68,924.73,934.73,906472465,7220460000000.0,412681000000000.0,0.730642815,일반언론,0.28419452887537994,0.13829787234042554,0.5775075987841946,658.0,네이버금융,0.35294117647058826,0.5294117647058824,0.11764705882352941,17,187.0,91.0,380.0,6.0,9.0,2.0
20220411,932.48,934.61,920.75,921.83,943672153,6407700000000.0,406890000000000.0,-1.380077669,일반언론,0.2681297709923664,0.10114503816793893,0.6307251908396947,1048.0,네이버금융,0.3333333333333333,0.5925925925925926,0.07407407407407407,27,281.0,106.0,661.0,9.0,16.0,2.0
20220412,914.28,916.76,905.18,913.82,1137434538,7007750000000.0,403567000000000.0,-0.868923771,일반언론,0.28955223880597014,0.11044776119402985,0.6,670.0,네이버금융,0.08333333333333333,0.6666666666666666,0.25,12,194.0,74.0,402.0,1.0,8.0,3.0
20220413,915.89,927.33,913.92,927.31,1108431927,6877380000000.0,409147000000000.0,1.4762207,일반언론,0.3013698630136986,0.1004566210045662,0.5981735159817352,657.0,네이버금융,0.3684210526315789,0.3684210526315789,0.2631578947368421,19,198.0,66.0,393.0,7.0,7.0,5.0
20220414,930.69,931.81,925.61,928.01,1166368166,6645180000000.0,409395000000000.0,0.0754871618,일반언론,0.2433234421364985,0.11275964391691394,0.6439169139465876,674.0,네이버금융,0.42105263157894735,0.42105263157894735,0.15789473684210525,19,164.0,76.0,434.0,8.0,8.0,3.0
20220415,921.53,925.13,916.91,924.44,1296261590,6606190000000.0,408168000000000.0,-0.38469413,일반언론,0.2647887323943662,0.12394366197183099,0.6112676056338028,710.0,네이버금융,0.5,0.3,0.2,20,188.0,88.0,434.0,10.0,6.0,4.0
20220418,921.69,923.51,917.53,918.23,1099287788,6044290000000.0,405180000000000.0,-0.671758037,일반언론,0.28957528957528955,0.10038610038610038,0.61003861003861,1036.0,네이버금융,0.10714285714285714,0.8214285714285714,0.07142857142857142,28,300.0,104.0,632.0,3.0,23.0,2.0
20220419,922.6,931.56,922.6,931.56,1301362690,7714190000000.0,410913000000000.0,1.451706,일반언론,0.2503617945007236,0.09696092619392185,0.6526772793053546,691.0,네이버금융,0.6923076923076923,0.07692307692307693,0.23076923076923078,13,173.0,67.0,451.0,9.0,1.0,3.0
20220420,933.29,933.37,927.29,928.93,1258908533,7096620000000.0,409871000000000.0,-0.282322126,일반언론,0.30214723926380366,0.10736196319018405,0.5904907975460123,652.0,네이버금융,0.5555555555555556,0.4444444444444444,0.0,18,197.0,70.0,385.0,10.0,8.0,0.0
20220421,930.45,934.26,929.54,929.68,1400233085,8308880000000.0,410430000000000.0,0.0807380535,일반언론,0.27153284671532846,0.10656934306569343,0.621897810218978,685.0,네이버금융,0.95,0.0,0.05,20,186.0,73.0,426.0,19.0,0.0,1.0
20220422,922.77,924.16,916.65,922.78,1381524478,7466490000000.0,407887000000000.0,-0.742190861,일반언론,0.2900763358778626,0.11297709923664122,0.5969465648854961,655.0,네이버금융,0.3888888888888889,0.5,0.1111111111111111,18,190.0,74.0,391.0,7.0,9.0,2.0
20220425,909.53,911.53,899.83,899.84,1425300927,8691120000000.0,398488000000000.0,-2.485966319,일반언론,0.2756349952963311,0.09219190968955786,0.632173095014111,1063.0,네이버금융,0.32142857142857145,0.4642857142857143,0.21428571428571427,28,293.0,98.0,672.0,9.0,13.0,6.0
20220426,906.59,913.29,906.59,911.16,1631935445,8624230000000.0,403860000000000.0,1.258001422,일반언론,0.2696793002915452,0.119533527696793,0.6107871720116618,686.0,네이버금융,0.23076923076923078,0.6153846153846154,0.15384615384615385,13,185.0,82.0,419.0,3.0,8.0,2.0
20220427,898.02,898.02,888.97,896.18,1855182935,9413390000000.0,397285000000000.0,-1.644058124,일반언론,0.31797235023041476,0.10138248847926268,0.5806451612903226,651.0,네이버금융,0.631578947368421,0.2631578947368421,0.10526315789473684,19,207.0,66.0,378.0,12.0,5.0,2.0
20220428,900.43,902.02,889.3,892.22,1551067110,8940770000000.0,395601000000000.0,-0.441875516,일반언론,0.24925816023738873,0.13353115727002968,0.6172106824925816,674.0,네이버금융,0.631578947368421,0.2631578947368421,0.10526315789473684,19,168.0,90.0,416.0,12.0,5.0,2.0
20220429,895.64,904.76,894.62,904.75,1457806377,7504240000000.0,401207000000000.0,1.404362153,일반언론,0.32653061224489793,0.10675039246467818,0.5667189952904239,637.0,네이버금융,0.7058823529411765,0.17647058823529413,0.11764705882352941,17,208.0,68.0,361.0,12.0,3.0,2.0
20220502,894.03,903.26,892.54,901.82,1227536215,6791300000000.0,399922000000000.0,-0.323846366,일반언론,0.3042168674698795,0.0893574297188755,0.606425702811245,996.0,네이버금융,0.42857142857142855,0.17857142857142858,0.39285714285714285,28,303.0,89.0,604.0,12.0,5.0,11.0
20220503,905.05,912.67,905.05,907.57,1640455775,8358980000000.0,402634000000000.0,0.637599521,일반언론,0.2784256559766764,0.11224489795918367,0.60932944606414,686.0,네이버금융,0.8461538461538461,0.0,0.15384615384615385,13,191.0,77.0,418.0,11.0,0.0,2.0
20220504,911.16,911.97,899.34,900.06,1359364635,7237550000000.0,399882000000000.0,-0.827484381,일반언론,0.2912912912912913,0.10810810810810811,0.6006006006006006,666.0,네이버금융,0.23529411764705882,0.47058823529411764,0.29411764705882354,17,194.0,72.0,400.0,4.0,8.0,5.0
20220506,888.54,892.43,883.31,884.22,1144209984,6156160000000.0,392855000000000.0,-1.759882674,일반언론,0.28317152103559873,0.11974110032362459,0.5970873786407767,618.0,네이버금융,0.3888888888888889,0.5,0.1111111111111111,18,175.0,74.0,369.0,7.0,9.0,2.0
20220509,880.34,880.78,859.73,860.84,1121825506,6588800000000.0,382539000000000.0,-2.644138337,일반언론,0.29141716566866266,0.09181636726546906,0.6167664670658682,1002.0,네이버금융,0.25,0.4642857142857143,0.2857142857142857,28,292.0,92.0,618.0,7.0,13.0,8.0
20220510,848.08,858.43,831.59,856.14,1268868388,7626690000000.0,380483000000000.0,-0.545978347,일반언론,0.24881889763779527,0.11023622047244094,0.6409448818897637,635.0,네이버금융,0.3,0.5,0.2,10,158.0,70.0,407.0,3.0,5.0,2.0
20220511,853.73,866.81,852.23,866.34,1078452509,6648180000000.0,385207000000000.0,1.191393931,일반언론,0.21791044776119403,0.13134328358208955,0.6507462686567164,670.0,네이버금융,0.8421052631578947,0.10526315789473684,0.05263157894736842,19,146.0,88.0,436.0,16.0,2.0,1.0
20220512,855.46,857.75,833.24,833.66,1065854989,7245360000000.0,371075000000000.0,-3.772191057,일반언론,0.2863636363636364,0.10606060606060606,0.6075757575757575,660.0,네이버금융,0.8888888888888888,0.0,0.1111111111111111,18,189.0,70.0,401.0,16.0,0.0,2.0
20220513,839.52,853.34,839.52,853.08,1011783476,7354710000000.0,379687000000000.0,2.329486841,일반언론,0.31546707503828486,0.10872894333843798,0.5758039816232772,653.0,네이버금융,0.8888888888888888,0.1111111111111111,0.0,18,206.0,71.0,376.0,16.0,2.0,0.0
20220516,862.24,866.47,855.45,856.25,1010956745,6320150000000.0,381318000000000.0,0.371594692,일반언론,0.3228271251193887,0.1069723018147087,0.5702005730659025,1047.0,네이버금융,0.2222222222222222,0.6296296296296297,0.14814814814814814,27,338.0,112.0,597.0,6.0,17.0,4.0
20220517,857.28,866.21,856.3,865.98,913815388,5934230000000.0,385620000000000.0,1.136350365,일반언론,0.27899686520376177,0.11442006269592477,0.6065830721003135,638.0,네이버금융,0.6153846153846154,0.23076923076923078,0.15384615384615385,13,178.0,73.0,387.0,8.0,3.0,2.0
20220518,872.19,876.82,868.28,871.57,1061166980,7629690000000.0,387421000000000.0,0.645511444,일반언론,0.2770700636942675,0.09394904458598727,0.6289808917197452,628.0,네이버금융,0.5555555555555556,0.3333333333333333,0.1111111111111111,18,174.0,59.0,395.0,10.0,6.0,2.0
20220519,853.23,866.61,849.59,863.8,1167569909,8426400000000.0,383985000000000.0,-0.891494659,일반언론,0.25152439024390244,0.12652439024390244,0.6219512195121951,656.0,네이버금융,1.0,0.0,0.0,5,165.0,83.0,408.0,5.0,0.0,0.0
20220520,866.76,880.17,866.76,879.88,1076078707,8204680000000.0,391352000000000.0,1.861542024,일반언론,0.30906389301634474,0.10698365527488855,0.5839524517087668,673.0,네이버금융,0.95,0.05,0.0,20,208.0,72.0,393.0,19.0,1.0,0.0
20220523,883.78,884.39,878.9,883.59,1077068928,8240950000000.0,392992000000000.0,0.421648407,일반언론,0.24725274725274726,0.13278388278388278,0.61996336996337,1092.0,네이버금융,0.5,0.25,0.25,28,270.0,145.0,677.0,14.0,7.0,7.0
20220524,881.55,883.11,865.05,865.07,1099072400,8234350000000.0,384757000000000.0,-2.095994749,일반언론,0.24299065420560748,0.1308411214953271,0.6261682242990654,642.0,네이버금융,1.0,0.0,0.0,12,156.0,84.0,402.0,12.0,0.0,0.0
20220525,869.19,877.71,861.92,872.69,989300060,7382600000000.0,388008000000000.0,0.880853573,일반언론,0.25223880597014925,0.11194029850746269,0.6358208955223881,670.0,네이버금융,0.2,0.65,0.15,20,169.0,75.0,426.0,4.0,13.0,3.0
20220526,876.19,885.12,868.81,871.43,947423302,7415180000000.0,387316000000000.0,-0.144381166,일반언론,0.2844574780058651,0.10557184750733138,0.6099706744868035,682.0,네이버금융,0.7894736842105263,0.15789473684210525,0.05263157894736842,19,194.0,72.0,416.0,15.0,3.0,1.0
20220527,881.41,883.36,873.21,873.97,1275325572,7608490000000.0,388509000000000.0,0.291474932,일반언론,0.2548476454293629,0.12049861495844875,0.6246537396121884,722.0,네이버금융,0.47368421052631576,0.21052631578947367,0.3157894736842105,19,184.0,87.0,451.0,9.0,4.0,6.0
20220530,882.17,886.44,881.46,886.44,1020992217,6718330000000.0,394013000000000.0,1.426822431,일반언론,0.2695167286245353,0.120817843866171,0.6096654275092936,1076.0,네이버금융,0.4074074074074074,0.4074074074074074,0.18518518518518517,27,290.0,130.0,656.0,11.0,11.0,5.0
20220531,888.44,893.42,884.11,893.36,1316943362,7322460000000.0,395863000000000.0,0.780650693,일반언론,0.20980091883614088,0.14548238897396631,0.6447166921898928,653.0,네이버금융,0.3076923076923077,0.6153846153846154,0.07692307692307693,13,137.0,95.0,421.0,4.0,8.0,1.0
20220602,890.47,892.98,888.45,891.14,1182037389,6622210000000.0,394539000000000.0,-0.248500045,일반언론,0.27806563039723664,0.12607944732297063,0.5958549222797928,579.0,네이버금융,0.5,0.3888888888888889,0.1111111111111111,18,161.0,73.0,345.0,9.0,7.0,2.0
20220603,897.08,899.01,890.2,891.51,1199287039,6980060000000.0,394582000000000.0,0.041519851,일반언론,0.24324324324324326,0.13195548489666137,0.6248012718600954,629.0,네이버금융,0.15789473684210525,0.7368421052631579,0.10526315789473684,19,153.0,83.0,393.0,3.0,14.0,2.0
20220607,889.07,889.09,873.09,873.78,1115605213,7162940000000.0,386405000000000.0,-1.988760642,일반언론,0.2973421926910299,0.11129568106312292,0.5913621262458472,602.0,네이버금융,0.6153846153846154,0.38461538461538464,0.0,13,179.0,67.0,356.0,8.0,5.0,0.0
20220608,877.77,880.73,873.61,874.95,1336530340,7241280000000.0,386755000000000.0,0.133900982,일반언론,0.2848101265822785,0.0949367088607595,0.620253164556962,632.0,네이버금융,0.55,0.1,0.35,20,180.0,60.0,392.0,11.0,2.0,7.0
20220609,873.22,877.18,867.2,877.18,1265672393,7606510000000.0,387106000000000.0,0.254871707,일반언론,0.28761061946902655,0.1224188790560472,0.5899705014749262,678.0,네이버금융,0.625,0.1875,0.1875,16,195.0,83.0,400.0,10.0,3.0,3.0
20220610,869.1,872.09,865.96,869.86,1206284229,7398900000000.0,383892000000000.0,-0.83449235,일반언론,0.3167701863354037,0.10869565217391304,0.5745341614906833,644.0,네이버금융,0.631578947368421,0.05263157894736842,0.3157894736842105,19,204.0,70.0,370.0,12.0,1.0,6.0
20220613,852.74,852.74,828.76,828.77,1264039290,8489790000000.0,366176000000000.0,-4.723748649,일반언론,0.32406519654841803,0.08149568552253116,0.5944391179290508,1043.0,네이버금융,0.4482758620689655,0.27586206896551724,0.27586206896551724,29,338.0,85.0,620.0,13.0,8.0,8.0
20220614,816.25,826.5,804.38,823.58,1269494458,8533400000000.0,364060000000000.0,-0.626229231,일반언론,0.33689024390243905,0.10213414634146341,0.5609756097560976,656.0,네이버금융,0.5,0.25,0.25,12,221.0,67.0,368.0,6.0,3.0,3.0
20220615,822.27,826.3,795.42,799.41,1203159513,8453540000000.0,353596000000000.0,-2.934748294,일반언론,0.2786624203821656,0.11942675159235669,0.6019108280254777,628.0,네이버금융,0.3,0.5,0.2,20,175.0,75.0,378.0,6.0,10.0,4.0
20220616,812.95,822.31,800.56,802.15,997608437,7316270000000.0,354965000000000.0,0.34275278,일반언론,0.29954614220877457,0.10287443267776097,0.5975794251134644,661.0,네이버금융,0.2631578947368421,0.42105263157894735,0.3157894736842105,19,198.0,68.0,395.0,5.0,8.0,6.0
20220617,787.97,798.85,780.96,798.69,972926129,7637000000000.0,354178000000000.0,-0.431340772,일반언론,0.31008902077151335,0.08902077151335312,0.6008902077151336,674.0,네이버금융,0.5,0.2222222222222222,0.2777777777777778,18,209.0,60.0,405.0,9.0,4.0,5.0
20220620,804.48,804.89,763.22,769.92,989356497,7253470000000.0,341762000000000.0,-3.602148518,일반언론,0.31477927063339733,0.10268714011516315,0.5825335892514395,1042.0,네이버금융,0.41379310344827586,0.3103448275862069,0.27586206896551724,29,328.0,107.0,607.0,12.0,9.0,8.0
20220621,774.8,782.55,764.69,778.3,1032713332,6923150000000.0,345680000000000.0,1.088424771,일반언론,0.3217522658610272,0.10725075528700906,0.5709969788519638,662.0,네이버금융,0.75,0.16666666666666666,0.08333333333333333,12,213.0,71.0,378.0,9.0,2.0,1.0
20220622,783.21,785.23,746.94,746.96,1093478424,8098720000000.0,332276000000000.0,-4.026724913,일반언론,0.2698650674662669,0.12593703148425786,0.6041979010494752,667.0,네이버금융,0.3,0.5,0.2,20,180.0,84.0,403.0,6.0,10.0,4.0
20220623,747.49,751.99,714.38,714.38,1260211780,8862110000000.0,318142000000000.0,-4.36167934,일반언론,0.292022792022792,0.12393162393162394,0.584045584045584,702.0,네이버금융,0.47368421052631576,0.47368421052631576,0.05263157894736842,19,205.0,87.0,410.0,9.0,9.0,1.0
20220624,719.47,750.41,719.47,750.3,837119070,6287370000000.0,334694000000000.0,5.028136286,일반언론,0.3072289156626506,0.10391566265060241,0.588855421686747,664.0,네이버금융,0.7,0.15,0.15,20,204.0,69.0,391.0,14.0,3.0,3.0
20220627,758.0,774.57,754.62,770.6,893324155,6699470000000.0,334546000000000.0,2.705584433,일반언론,0.3088655862726406,0.08293612964728313,0.6081982840800763,1049.0,네이버금융,0.375,0.5416666666666666,0.08333333333333333,24,324.0,87.0,638.0,9.0,13.0,2.0
20220628,770.69,774.8,759.83,769.51,978286886,6455440000000.0,334684000000000.0,-0.141448222,일반언론,0.3016344725111441,0.09361069836552749,0.6047548291233283,673.0,네이버금융,0.4166666666666667,0.25,0.3333333333333333,12,203.0,63.0,407.0,5.0,3.0,4.0
20220629,759.21,765.79,753.32,762.35,819568049,5970950000000.0,331667000000000.0,-0.930462242,일반언론,0.3021148036253776,0.10876132930513595,0.5891238670694864,662.0,네이버금융,0.5,0.25,0.25,20,200.0,72.0,390.0,10.0,5.0,5.0
20220630,762.45,762.45,744.24,745.44,910028517,6318520000000.0,325164000000000.0,-2.218141274,일반언론,0.2815533980582524,0.11812297734627832,0.6003236245954693,618.0,네이버금융,0.5263157894736842,0.42105263157894735,0.05263157894736842,19,174.0,73.0,371.0,10.0,8.0,1.0
