,date,press_x,0_percent_x,1_percent_x,2_percent_x,뉴스개수_x,press_y,0_percent_y,1_percent_y,2_percent_y,뉴스개수_y
0,20210601,일반언론,0.2702702702702703,0.1027027027027027,0.6270270270270271,740.0,네이버금융,0.3571428571428571,0.5,0.1428571428571428,14
1,20210602,일반언론,0.2536656891495601,0.1231671554252199,0.6231671554252199,682.0,네이버금융,0.5,0.3888888888888889,0.1111111111111111,18
2,20210603,일반언론,0.2594670406732118,0.0995792426367461,0.6409537166900421,713.0,네이버금융,0.1578947368421052,0.7368421052631579,0.1052631578947368,19
3,20210604,일반언론,0.2562326869806094,0.1260387811634349,0.6177285318559557,722.0,네이버금융,0.7894736842105263,0.1052631578947368,0.1052631578947368,19
4,20210605,일반언론,0.3241379310344827,0.0942528735632183,0.5816091954022988,435.0,네이버금융,0.0,1.0,0.0,2
5,20210606,,,,,,네이버금융,0.25,0.25,0.5,8
6,20210607,일반언론,0.2699186991869918,0.1024390243902439,0.6276422764227643,615.0,네이버금융,0.6153846153846154,0.3846153846153846,0.0,13
7,20210608,일반언론,0.2624113475177305,0.1148936170212766,0.6226950354609929,705.0,네이버금융,0.55,0.1,0.35,20
8,20210609,일반언론,0.2910863509749303,0.1197771587743732,0.5891364902506964,718.0,네이버금융,0.625,0.1875,0.1875,16
9,20210610,일반언론,0.2679355783308931,0.1317715959004392,0.6002928257686676,683.0,네이버금융,0.631578947368421,0.0526315789473684,0.3157894736842105,19
10,20210611,일반언론,0.2329545454545454,0.1065340909090909,0.6605113636363636,704.0,네이버금융,0.5263157894736842,0.3157894736842105,0.1578947368421052,19
11,20210612,일반언론,0.2894736842105263,0.0921052631578947,0.618421052631579,456.0,네이버금융,0.3333333333333333,0.6666666666666666,0.0,3
12,20210613,,,,,,네이버금융,0.2857142857142857,0.0,0.7142857142857143,7
13,20210614,일반언론,0.2652733118971061,0.0948553054662379,0.639871382636656,622.0,네이버금융,0.5,0.25,0.25,12
14,20210615,일반언론,0.2178932178932179,0.1038961038961039,0.6782106782106783,693.0,네이버금융,0.3,0.5,0.2,20
15,20210616,일반언론,0.238095238095238,0.1071428571428571,0.6547619047619048,672.0,네이버금융,0.2631578947368421,0.4210526315789473,0.3157894736842105,19
16,20210617,일반언론,0.2620790629575402,0.1024890190336749,0.6354319180087847,683.0,네이버금융,0.5,0.2222222222222222,0.2777777777777778,18
17,20210618,일반언론,0.2524682651622003,0.1043723554301833,0.6431593794076164,709.0,네이버금융,0.4736842105263157,0.2631578947368421,0.2631578947368421,19
18,20210619,일반언론,0.3416856492027335,0.0774487471526196,0.5808656036446469,439.0,네이버금융,1.0,0.0,0.0,3
19,20210620,,,,,,네이버금융,0.0,0.5714285714285714,0.4285714285714285,7
20,20210621,일반언론,0.2926829268292683,0.1024390243902439,0.6048780487804878,615.0,네이버금융,0.75,0.1666666666666666,0.0833333333333333,12
21,20210622,일반언론,0.2895480225988701,0.1228813559322034,0.5875706214689266,708.0,네이버금융,0.3,0.5,0.2,20
22,20210623,일반언론,0.2741046831955923,0.1239669421487603,0.6019283746556474,726.0,네이버금융,0.4736842105263157,0.4736842105263157,0.0526315789473684,19
23,20210624,일반언론,0.2843273231622746,0.0943134535367545,0.6213592233009708,721.0,네이버금융,0.7,0.15,0.15,20
24,20210625,일반언론,0.2661064425770308,0.0994397759103641,0.634453781512605,714.0,네이버금융,0.4705882352941176,0.4705882352941176,0.0588235294117647,17
25,20210626,일반언론,0.2631578947368421,0.0861244019138756,0.6507177033492823,418.0,네이버금융,0.5,0.5,0.0,2
26,20210627,,,,,,네이버금융,0.0,0.8,0.2,5
27,20210628,일반언론,0.25,0.1220588235294117,0.6279411764705882,680.0,네이버금융,0.4166666666666667,0.25,0.3333333333333333,12
28,20210629,일반언론,0.2394957983193277,0.1106442577030812,0.6498599439775911,714.0,네이버금융,0.5,0.25,0.25,20
29,20210630,일반언론,0.2304216867469879,0.1114457831325301,0.6581325301204819,664.0,네이버금융,0.5263157894736842,0.4210526315789473,0.0526315789473684,19
30,20210701,일반언론,0.2614795918367347,0.1186224489795918,0.6198979591836735,784.0,네이버금융,0.6111111111111112,0.2777777777777778,0.1111111111111111,18
31,20210702,일반언론,0.2735849056603773,0.1064690026954177,0.6199460916442049,742.0,네이버금융,0.55,0.35,0.1,20
32,20210703,일반언론,0.3489461358313817,0.0889929742388758,0.5620608899297423,427.0,네이버금융,0.0,1.0,0.0,2
33,20210704,,,,,,네이버금융,0.0,0.625,0.375,8
34,20210705,일반언론,0.3167202572347267,0.1205787781350482,0.5627009646302251,622.0,네이버금융,0.2727272727272727,0.6363636363636364,0.0909090909090909,11
35,20210706,일반언론,0.2415254237288135,0.1313559322033898,0.6271186440677966,708.0,네이버금융,0.3333333333333333,0.4666666666666667,0.2,15
36,20210707,일반언론,0.278969957081545,0.1087267525035765,0.6123032904148784,699.0,네이버금융,0.5882352941176471,0.2352941176470588,0.1764705882352941,17
37,20210708,일반언론,0.2892086330935252,0.1237410071942446,0.5870503597122302,695.0,네이버금융,0.7777777777777778,0.1111111111111111,0.1111111111111111,18
38,20210709,일반언론,0.3185378590078329,0.1357702349869451,0.5456919060052219,766.0,네이버금융,0.8823529411764706,0.0,0.1176470588235294,17
39,20210710,일반언론,0.3846153846153846,0.0588235294117647,0.5565610859728507,442.0,네이버금융,0.0,1.0,0.0,2
40,20210711,,,,,,네이버금융,0.5714285714285714,0.2857142857142857,0.1428571428571428,7
41,20210712,일반언론,0.3118279569892473,0.0998463901689708,0.5883256528417818,651.0,네이버금융,0.1818181818181818,0.6363636363636364,0.1818181818181818,11
42,20210713,일반언론,0.3125,0.0886627906976744,0.5988372093023255,688.0,네이버금융,0.4210526315789473,0.4210526315789473,0.1578947368421052,19
43,20210714,일반언론,0.3430232558139535,0.0959302325581395,0.561046511627907,688.0,네이버금융,0.625,0.3125,0.0625,16
44,20210715,일반언론,0.3399715504978663,0.0924608819345661,0.5675675675675675,703.0,네이버금융,0.5,0.4375,0.0625,16
45,20210716,일반언론,0.3102453102453102,0.0981240981240981,0.5916305916305916,693.0,네이버금융,0.9444444444444444,0.0,0.0555555555555555,18
46,20210717,일반언론,0.3155555555555555,0.0444444444444444,0.64,450.0,네이버금융,1.0,0.0,0.0,2
47,20210718,,,,,,네이버금융,0.125,0.0,0.875,8
48,20210719,일반언론,0.3293051359516616,0.0921450151057401,0.5785498489425982,662.0,네이버금융,0.9090909090909092,0.0,0.0909090909090909,11
49,20210720,일반언론,0.3299418604651162,0.0915697674418604,0.5784883720930233,688.0,네이버금융,0.8,0.1,0.1,20
50,20210721,일반언론,0.313343328335832,0.1199400299850075,0.5667166416791605,667.0,네이버금융,0.6666666666666666,0.3333333333333333,0.0,18
51,20210722,일반언론,0.3048433048433048,0.1153846153846153,0.5797720797720798,702.0,네이버금융,0.2777777777777778,0.7222222222222222,0.0,18
52,20210723,일반언론,0.3061224489795918,0.1151603498542274,0.5787172011661808,686.0,네이버금융,0.4736842105263157,0.3684210526315789,0.1578947368421052,19
53,20210724,일반언론,0.3218884120171674,0.0922746781115879,0.5858369098712446,466.0,네이버금융,0.0,1.0,0.0,2
54,20210725,,,,,,네이버금융,0.25,0.125,0.625,8
55,20210726,일반언론,0.2909090909090909,0.0793388429752066,0.6297520661157024,605.0,네이버금융,0.9090909090909092,0.0909090909090909,0.0,11
56,20210727,일반언론,0.2966360856269113,0.1177370030581039,0.5856269113149847,654.0,네이버금융,0.5882352941176471,0.4117647058823529,0.0,17
57,20210728,일반언론,0.279320987654321,0.1666666666666666,0.5540123456790124,648.0,네이버금융,0.7222222222222222,0.0555555555555555,0.2222222222222222,18
58,20210729,일반언론,0.2894356005788712,0.1461649782923299,0.5643994211287988,691.0,네이버금융,0.5263157894736842,0.2631578947368421,0.2105263157894736,19
59,20210730,일반언론,0.2826398852223816,0.1162123385939741,0.6011477761836442,697.0,네이버금융,0.75,0.1875,0.0625,16
60,20210731,일반언론,0.2853932584269663,0.1123595505617977,0.6022471910112359,445.0,네이버금융,1.0,0.0,0.0,3
61,20210801,,,,,,네이버금융,0.3333333333333333,0.1666666666666666,0.5,6
62,20210802,일반언론,0.345724907063197,0.1078066914498141,0.5464684014869888,538.0,네이버금융,0.4166666666666667,0.4166666666666667,0.1666666666666666,12
63,20210803,일반언론,0.3316912972085385,0.1083743842364532,0.5599343185550082,609.0,네이버금융,0.45,0.4,0.15,20
64,20210804,일반언론,0.3524451939291737,0.1129848229342327,0.5345699831365935,593.0,네이버금융,0.2777777777777778,0.6666666666666666,0.0555555555555555,18
65,20210805,일반언론,0.2983333333333333,0.14,0.5616666666666666,600.0,네이버금융,0.5882352941176471,0.2352941176470588,0.1764705882352941,17
66,20210806,일반언론,0.3137254901960784,0.0866013071895424,0.5996732026143791,612.0,네이버금융,0.5333333333333333,0.3333333333333333,0.1333333333333333,15
67,20210807,일반언론,0.3325635103926097,0.1177829099307159,0.5496535796766744,433.0,네이버금융,0.0,1.0,0.0,2
68,20210808,,,,,,네이버금융,0.0,0.5714285714285714,0.4285714285714285,7
69,20210809,일반언론,0.3176470588235294,0.1058823529411764,0.5764705882352941,595.0,네이버금융,0.2727272727272727,0.3636363636363636,0.3636363636363636,11
70,20210810,일반언론,0.2651933701657458,0.1256906077348066,0.6091160220994475,724.0,네이버금융,0.875,0.0625,0.0625,16
71,20210811,일반언론,0.2986425339366516,0.1402714932126696,0.5610859728506787,663.0,네이버금융,0.6875,0.25,0.0625,16
72,20210812,일반언론,0.3183791606367583,0.0882778581765557,0.5933429811866859,691.0,네이버금융,0.625,0.375,0.0,16
73,20210813,일반언론,0.315126050420168,0.119047619047619,0.5658263305322129,714.0,네이버금융,0.7857142857142857,0.1428571428571428,0.0714285714285714,14
74,20210814,일반언론,0.3755364806866952,0.0944206008583691,0.5300429184549357,466.0,네이버금융,0.0,1.0,0.0,2
75,20210815,,,,,,네이버금융,0.4,0.0,0.6,5
76,20210816,일반언론,0.3935091277890467,0.0973630831643002,0.5091277890466531,493.0,네이버금융,1.0,0.0,0.0,1
77,20210817,일반언론,0.2904761904761905,0.1285714285714285,0.580952380952381,630.0,네이버금융,0.6842105263157895,0.2631578947368421,0.0526315789473684,19
78,20210818,일반언론,0.3068702290076336,0.1099236641221374,0.583206106870229,655.0,네이버금융,0.7058823529411765,0.2352941176470588,0.0588235294117647,17
79,20210819,일반언론,0.3441654357459379,0.0827178729689808,0.5731166912850812,677.0,네이버금융,0.8235294117647058,0.0588235294117647,0.1176470588235294,17
80,20210820,일반언론,0.3453453453453453,0.0795795795795795,0.575075075075075,666.0,네이버금융,0.8888888888888888,0.1111111111111111,0.0,18
81,20210821,일반언론,0.3648648648648648,0.0653153153153153,0.5698198198198198,444.0,네이버금융,0.0,1.0,0.0,2
82,20210822,,,,,,네이버금융,0.2857142857142857,0.0,0.7142857142857143,7
83,20210823,일반언론,0.3604651162790697,0.0780730897009966,0.5614617940199336,602.0,네이버금융,0.1818181818181818,0.6363636363636364,0.1818181818181818,11
84,20210824,일반언론,0.2915451895043732,0.1093294460641399,0.5991253644314869,686.0,네이버금융,0.1578947368421052,0.8421052631578947,0.0,19
85,20210825,일반언론,0.2869692532942899,0.1185944363103953,0.5944363103953147,683.0,네이버금융,0.375,0.4375,0.1875,16
86,20210826,일반언론,0.2819767441860465,0.1119186046511628,0.6061046511627907,688.0,네이버금융,0.5882352941176471,0.2941176470588235,0.1176470588235294,17
87,20210827,일반언론,0.2664756446991404,0.1088825214899713,0.6246418338108882,698.0,네이버금융,0.5555555555555556,0.2222222222222222,0.2222222222222222,18
88,20210828,일반언론,0.378021978021978,0.0703296703296703,0.5516483516483517,455.0,네이버금융,0.25,0.75,0.0,4
89,20210829,,,,,,네이버금융,0.1428571428571428,0.4285714285714285,0.4285714285714285,7
90,20210830,일반언론,0.2637853949329359,0.1147540983606557,0.6214605067064084,671.0,네이버금융,0.2727272727272727,0.5454545454545454,0.1818181818181818,11
91,20210831,일반언론,0.2443181818181818,0.0909090909090909,0.6647727272727273,704.0,네이버금융,0.2631578947368421,0.631578947368421,0.1052631578947368,19
92,20210901,일반언론,0.3195718654434251,0.1299694189602446,0.5504587155963303,654.0,네이버금융,0.5,0.3333333333333333,0.1666666666666666,18
93,20210902,일반언론,0.2795549374130737,0.1015299026425591,0.6189151599443672,719.0,네이버금융,0.7647058823529411,0.1176470588235294,0.1176470588235294,17
94,20210903,일반언론,0.3036253776435045,0.1042296072507553,0.5921450151057401,662.0,네이버금융,0.3571428571428571,0.4285714285714285,0.2142857142857142,14
95,20210904,일반언론,0.2939866369710467,0.0913140311804008,0.6146993318485523,449.0,네이버금융,1.0,0.0,0.0,3
96,20210905,,,,,,네이버금융,0.5714285714285714,0.0,0.4285714285714285,7
97,20210906,일반언론,0.29,0.105,0.605,600.0,네이버금융,0.5833333333333334,0.1666666666666666,0.25,12
98,20210907,일반언론,0.2406576980568012,0.1106128550074738,0.648729446935725,669.0,네이버금융,0.6,0.2666666666666666,0.1333333333333333,15
99,20210908,일반언론,0.238095238095238,0.0863095238095238,0.6755952380952381,672.0,네이버금융,0.875,0.0625,0.0625,16
100,20210909,일반언론,0.2764456981664316,0.1071932299012694,0.616361071932299,709.0,네이버금융,0.9285714285714286,0.0,0.0714285714285714,14
101,20210910,일반언론,0.2839160839160839,0.0839160839160839,0.6321678321678321,715.0,네이버금융,0.3125,0.5,0.1875,16
102,20210911,일반언론,0.2639821029082774,0.0782997762863534,0.6577181208053692,447.0,네이버금융,1.0,0.0,0.0,1
103,20210912,,,,,,네이버금융,0.6666666666666666,0.0,0.3333333333333333,6
104,20210913,일반언론,0.2918825561312608,0.1105354058721934,0.5975820379965457,579.0,네이버금융,0.8181818181818182,0.0909090909090909,0.0909090909090909,11
105,20210914,일반언론,0.284692417739628,0.1015736766809728,0.6137339055793991,699.0,네이버금융,0.3571428571428571,0.2857142857142857,0.3571428571428571,14
106,20210915,일반언론,0.270392749244713,0.1057401812688821,0.6238670694864048,662.0,네이버금융,0.5294117647058824,0.4705882352941176,0.0,17
107,20210916,일반언론,0.258493353028065,0.1344165435745938,0.6070901033973413,677.0,네이버금융,0.8666666666666667,0.1333333333333333,0.0,15
108,20210917,일반언론,0.2471428571428571,0.1142857142857142,0.6385714285714286,700.0,네이버금융,0.5882352941176471,0.3529411764705882,0.0588235294117647,17
109,20210918,일반언론,0.3,0.1,0.6,430.0,네이버금융,1.0,0.0,0.0,2
110,20210919,,,,,,네이버금융,1.0,0.0,0.0,2
111,20210921,일반언론,0.75,0.0,0.25,12.0,네이버금융,1.0,0.0,0.0,3
112,20210922,일반언론,0.3846153846153846,0.0769230769230769,0.5384615384615384,13.0,네이버금융,0.2,0.4,0.4,5
113,20210923,일반언론,0.3017656500802568,0.1332263242375602,0.565008025682183,623.0,네이버금융,0.5294117647058824,0.4117647058823529,0.0588235294117647,17
114,20210924,일반언론,0.337797619047619,0.0907738095238095,0.5714285714285714,672.0,네이버금융,0.4285714285714285,0.4285714285714285,0.1428571428571428,14
115,20210925,일반언론,0.371824480369515,0.0877598152424942,0.5404157043879908,433.0,네이버금융,1.0,0.0,0.0,1
116,20210926,,,,,,네이버금융,0.8333333333333334,0.1666666666666666,0.0,6
117,20210927,일반언론,0.2700617283950617,0.1388888888888889,0.5910493827160493,648.0,네이버금융,0.5555555555555556,0.3333333333333333,0.1111111111111111,9
118,20210928,일반언론,0.2537313432835821,0.1164179104477611,0.6298507462686567,670.0,네이버금융,0.7333333333333333,0.1333333333333333,0.1333333333333333,15
119,20210929,일반언론,0.3022556390977444,0.0992481203007518,0.5984962406015037,665.0,네이버금융,0.8571428571428571,0.0714285714285714,0.0714285714285714,14
120,20210930,일반언론,0.2825174825174825,0.1104895104895104,0.606993006993007,715.0,네이버금융,0.5625,0.375,0.0625,16
121,20211001,일반언론,0.2699564586357039,0.0740203193033381,0.6560232220609579,689.0,네이버금융,0.9375,0.0,0.0625,16
122,20211002,일반언론,0.336405529953917,0.0921658986175115,0.5714285714285714,434.0,네이버금융,0.0,1.0,0.0,1
123,20211003,,,,,,네이버금융,0.6,0.2,0.2,5
124,20211005,일반언론,0.2754050073637702,0.1251840942562592,0.5994108983799705,679.0,네이버금융,0.5,0.1428571428571428,0.3571428571428571,14
125,20211006,일반언론,0.3079136690647482,0.116546762589928,0.5755395683453237,695.0,네이버금융,0.6923076923076923,0.3076923076923077,0.0,13
126,20211007,일반언론,0.3152022315202231,0.0864714086471408,0.5983263598326359,717.0,네이버금융,0.2142857142857142,0.7857142857142857,0.0,14
127,20211008,일반언론,0.2938076416337286,0.1146245059288537,0.5915678524374176,759.0,네이버금융,0.4666666666666667,0.4,0.1333333333333333,15
128,20211009,일반언론,0.2873051224944321,0.1158129175946547,0.5968819599109132,449.0,네이버금융,0.0,1.0,0.0,1
129,20211010,,,,,,네이버금융,0.8333333333333334,0.1666666666666666,0.0,6
130,20211011,일반언론,0.3158995815899582,0.0836820083682008,0.600418410041841,478.0,네이버금융,1.0,0.0,0.0,2
131,20211012,일반언론,0.2633996937212863,0.114854517611026,0.6217457886676876,653.0,네이버금융,0.875,0.0625,0.0625,16
132,20211013,일반언론,0.2768115942028985,0.1028985507246376,0.6202898550724638,690.0,네이버금융,0.4666666666666667,0.5333333333333333,0.0,15
133,20211014,일반언론,0.2369186046511628,0.1395348837209302,0.623546511627907,688.0,네이버금융,0.375,0.625,0.0,16
134,20211015,일반언론,0.2867540029112082,0.1077147016011644,0.6055312954876274,687.0,네이버금융,0.3125,0.5625,0.125,16
135,20211016,일반언론,0.2676991150442478,0.1017699115044247,0.6305309734513275,452.0,네이버금융,0.0,1.0,0.0,2
136,20211017,,,,,,네이버금융,0.1666666666666666,0.6666666666666666,0.1666666666666666,6
137,20211018,일반언론,0.2803889789303079,0.1004862236628849,0.6191247974068071,617.0,네이버금융,0.5454545454545454,0.2727272727272727,0.1818181818181818,11
138,20211019,일반언론,0.2817109144542772,0.1283185840707964,0.5899705014749262,678.0,네이버금융,0.2352941176470588,0.6470588235294118,0.1176470588235294,17
139,20211020,일반언론,0.3121301775147929,0.1005917159763313,0.5872781065088757,676.0,네이버금융,0.6,0.2,0.2,15
140,20211021,일반언론,0.2830459770114942,0.1178160919540229,0.5991379310344828,696.0,네이버금융,0.7333333333333333,0.2,0.0666666666666666,15
141,20211022,일반언론,0.2868741542625169,0.1705006765899864,0.5426251691474966,739.0,네이버금융,0.6,0.3333333333333333,0.0666666666666666,15
142,20211023,일반언론,0.3048498845265588,0.0900692840646651,0.605080831408776,433.0,네이버금융,0.6666666666666666,0.3333333333333333,0.0,3
143,20211024,,,,,,네이버금융,0.25,0.0,0.75,4
144,20211025,일반언론,0.2401315789473684,0.1118421052631579,0.6480263157894737,608.0,네이버금융,0.5454545454545454,0.2727272727272727,0.1818181818181818,11
145,20211026,일반언론,0.2477744807121661,0.1068249258160237,0.6454005934718101,674.0,네이버금융,0.1176470588235294,0.6470588235294118,0.2352941176470588,17
146,20211027,일반언론,0.2889221556886227,0.1347305389221557,0.5763473053892215,668.0,네이버금융,0.4666666666666667,0.2,0.3333333333333333,15
147,20211028,일반언론,0.2735978112175102,0.1203830369357045,0.6060191518467852,731.0,네이버금융,0.875,0.0625,0.0625,16
148,20211029,일반언론,0.2573839662447257,0.1209563994374121,0.6216596343178622,711.0,네이버금융,0.7647058823529411,0.2352941176470588,0.0,17
149,20211030,일반언론,0.2986725663716814,0.1150442477876106,0.5862831858407079,452.0,네이버금융,1.0,0.0,0.0,3
150,20211031,,,,,,네이버금융,0.5,0.1666666666666666,0.3333333333333333,6
151,20211101,일반언론,0.2412645590682196,0.1181364392678868,0.6405990016638935,601.0,네이버금융,0.6666666666666666,0.25,0.0833333333333333,12
152,20211102,일반언론,0.2367647058823529,0.1235294117647058,0.6397058823529411,680.0,네이버금융,0.25,0.5625,0.1875,16
153,20211103,일반언론,0.2768273716951788,0.1104199066874028,0.6127527216174183,643.0,네이버금융,0.5,0.3125,0.1875,16
154,20211104,일반언론,0.2694444444444444,0.125,0.6055555555555555,720.0,네이버금융,0.75,0.25,0.0,16
155,20211105,일반언론,0.272863568215892,0.1454272863568216,0.5817091454272864,667.0,네이버금융,0.7857142857142857,0.1428571428571428,0.0714285714285714,14
156,20211106,일반언론,0.2572115384615384,0.09375,0.6490384615384616,416.0,네이버금융,0.0,1.0,0.0,2
157,20211107,,,,,,네이버금융,0.0,0.5,0.5,6
158,20211108,일반언론,0.2556270096463022,0.1270096463022508,0.617363344051447,622.0,네이버금융,0.8181818181818182,0.0909090909090909,0.0909090909090909,11
159,20211109,일반언론,0.280752532561505,0.1143270622286541,0.6049204052098408,691.0,네이버금융,0.3125,0.5625,0.125,16
160,20211110,일반언론,0.2793053545586107,0.1186685962373371,0.6020260492040521,691.0,네이버금융,1.0,0.0,0.0,14
161,20211111,일반언론,0.2300275482093663,0.1336088154269972,0.6363636363636364,726.0,네이버금융,0.7333333333333333,0.2666666666666666,0.0,15
162,20211112,일반언론,0.2393939393939393,0.1454545454545454,0.6151515151515151,660.0,네이버금융,0.1764705882352941,0.7058823529411765,0.1176470588235294,17
163,20211113,일반언론,0.3302752293577982,0.1077981651376146,0.5619266055045872,436.0,네이버금융,0.0,0.5,0.5,4
164,20211114,,,,,,네이버금융,0.1666666666666666,0.0,0.8333333333333334,6
165,20211115,일반언론,0.3109656301145663,0.0851063829787234,0.6039279869067103,611.0,네이버금융,0.3333333333333333,0.25,0.4166666666666667,12
166,20211116,일반언론,0.2338935574229692,0.1288515406162464,0.6372549019607843,714.0,네이버금융,0.8235294117647058,0.1176470588235294,0.0588235294117647,17
167,20211117,일반언론,0.2661764705882353,0.1279411764705882,0.6058823529411764,680.0,네이버금융,0.4705882352941176,0.2941176470588235,0.2352941176470588,17
168,20211118,일반언론,0.2521739130434782,0.1202898550724637,0.6275362318840579,690.0,네이버금융,0.875,0.125,0.0,16
169,20211119,일반언론,0.2658610271903323,0.1132930513595166,0.620845921450151,662.0,네이버금융,0.3333333333333333,0.3333333333333333,0.3333333333333333,15
170,20211120,일반언론,0.3285714285714285,0.0666666666666666,0.6047619047619047,420.0,네이버금융,1.0,0.0,0.0,1
171,20211121,,,,,,네이버금융,0.0,0.3333333333333333,0.6666666666666666,6
172,20211122,일반언론,0.2688,0.096,0.6352,625.0,네이버금융,0.3636363636363636,0.2727272727272727,0.3636363636363636,11
173,20211123,일반언론,0.2608024691358024,0.1265432098765432,0.6126543209876543,648.0,네이버금융,0.7647058823529411,0.1176470588235294,0.1176470588235294,17
174,20211124,일반언론,0.3144560357675112,0.1296572280178837,0.555886736214605,671.0,네이버금융,0.7142857142857143,0.2857142857142857,0.0,14
175,20211125,일반언론,0.2821997105643994,0.1287988422575977,0.5890014471780028,691.0,네이버금융,0.8666666666666667,0.0666666666666666,0.0666666666666666,15
176,20211126,일반언론,0.2492625368731563,0.1091445427728613,0.6415929203539823,678.0,네이버금융,0.9230769230769232,0.0769230769230769,0.0,13
177,20211127,일반언론,0.3490566037735849,0.0495283018867924,0.6014150943396226,424.0,네이버금융,1.0,0.0,0.0,2
178,20211128,,,,,,네이버금융,0.8,0.2,0.0,5
179,20211129,일반언론,0.275187969924812,0.1308270676691729,0.5939849624060151,665.0,네이버금융,0.7272727272727273,0.1818181818181818,0.0909090909090909,11
180,20211130,일반언론,0.256797583081571,0.1102719033232628,0.6329305135951662,662.0,네이버금융,0.5882352941176471,0.2352941176470588,0.1764705882352941,17
181,20211201,일반언론,0.3132530120481928,0.1009036144578313,0.5858433734939759,664.0,네이버금융,0.6666666666666666,0.2666666666666666,0.0666666666666666,15
182,20211202,일반언론,0.2879432624113475,0.1304964539007092,0.5815602836879432,705.0,네이버금융,0.625,0.3125,0.0625,16
183,20211203,일반언론,0.2883720930232558,0.0976744186046511,0.6139534883720931,645.0,네이버금융,0.4375,0.375,0.1875,16
184,20211204,일반언론,0.305045871559633,0.1077981651376146,0.5871559633027523,436.0,네이버금융,0.6666666666666666,0.0,0.3333333333333333,3
185,20211205,,,,,,네이버금융,0.6,0.0,0.4,5
186,20211206,일반언론,0.2981072555205047,0.1182965299684542,0.583596214511041,634.0,네이버금융,0.4166666666666667,0.1666666666666666,0.4166666666666667,12
187,20211207,일반언론,0.2529940119760479,0.1332335329341317,0.6137724550898204,668.0,네이버금융,0.375,0.5625,0.0625,16
188,20211208,일반언론,0.2608695652173913,0.1290322580645161,0.6100981767180925,713.0,네이버금융,0.375,0.5,0.125,16
189,20211209,일반언론,0.2626262626262626,0.1240981240981241,0.6132756132756133,693.0,네이버금융,0.2666666666666666,0.5333333333333333,0.2,15
190,20211210,일반언론,0.3076923076923077,0.1132867132867132,0.579020979020979,715.0,네이버금융,0.8125,0.0625,0.125,16
191,20211211,일반언론,0.3379310344827586,0.0712643678160919,0.5908045977011495,435.0,네이버금융,0.0,1.0,0.0,1
192,20211212,,,,,,네이버금융,0.3333333333333333,0.1666666666666666,0.5,6
193,20211213,일반언론,0.3023255813953488,0.1129568106312292,0.584717607973422,602.0,네이버금융,0.3636363636363636,0.3636363636363636,0.2727272727272727,11
194,20211214,일반언론,0.2973760932944606,0.1209912536443148,0.5816326530612245,686.0,네이버금융,0.8666666666666667,0.0,0.1333333333333333,15
195,20211215,일반언론,0.3050075872534142,0.1229135053110773,0.5720789074355084,659.0,네이버금융,0.6875,0.0,0.3125,16
196,20211216,일반언론,0.2840746054519368,0.1176470588235294,0.5982783357245337,697.0,네이버금융,0.2,0.8,0.0,15
197,20211217,일반언론,0.3084795321637427,0.1271929824561403,0.564327485380117,684.0,네이버금융,0.4705882352941176,0.2941176470588235,0.2352941176470588,17
198,20211218,일반언론,0.3171296296296296,0.0925925925925925,0.5902777777777778,432.0,네이버금융,1.0,0.0,0.0,1
199,20211219,,,,,,네이버금융,0.0,0.5,0.5,6
200,20211220,일반언론,0.3082942097026604,0.1283255086071987,0.5633802816901409,639.0,네이버금융,0.8181818181818182,0.0909090909090909,0.0909090909090909,11
201,20211221,일반언론,0.2760646108663729,0.1101321585903083,0.6138032305433186,681.0,네이버금융,0.4375,0.4375,0.125,16
202,20211222,일반언론,0.271137026239067,0.141399416909621,0.5874635568513119,686.0,네이버금융,0.25,0.5625,0.1875,16
203,20211223,일반언론,0.2622036262203626,0.1157601115760111,0.6220362622036262,717.0,네이버금융,0.3125,0.625,0.0625,16
204,20211224,일반언론,0.2652757078986587,0.1311475409836065,0.6035767511177347,671.0,네이버금융,0.3333333333333333,0.4666666666666667,0.2,15
205,20211225,일반언론,0.3113207547169811,0.125,0.5636792452830188,424.0,네이버금융,0.0,0.0,1.0,1
206,20211226,,,,,,네이버금융,0.0,0.6666666666666666,0.3333333333333333,6
207,20211227,일반언론,0.2822185970636215,0.1272430668841762,0.5905383360522023,613.0,네이버금융,0.8,0.1,0.1,10
208,20211228,일반언론,0.25,0.1227272727272727,0.6272727272727273,660.0,네이버금융,0.3125,0.5625,0.125,16
209,20211229,일반언론,0.2801251956181533,0.1017214397496087,0.6181533646322379,639.0,네이버금융,0.7647058823529411,0.2352941176470588,0.0,17
210,20211230,일반언론,0.2821705426356589,0.1317829457364341,0.586046511627907,645.0,네이버금융,0.3529411764705882,0.3529411764705882,0.2941176470588235,17
211,20211231,일반언론,0.2772435897435897,0.1009615384615384,0.6217948717948718,624.0,네이버금융,0.75,0.125,0.125,8
212,20220101,일반언론,0.2084309133489461,0.1288056206088993,0.6627634660421545,427.0,네이버금융,1.0,0.0,0.0,4
213,20220103,일반언론,0.2598967297762478,0.153184165232358,0.5869191049913941,581.0,네이버금융,0.0,0.5,0.5,6
214,20220104,일반언론,0.23589001447178,0.1360347322720694,0.6280752532561505,691.0,네이버금융,0.1666666666666666,0.6666666666666666,0.1666666666666666,12
215,20220105,일반언론,0.2619414483821263,0.1063174114021571,0.6317411402157165,649.0,네이버금융,0.4,0.45,0.15,20
216,20220106,일반언론,0.2765647743813683,0.1120815138282387,0.611353711790393,687.0,네이버금융,0.3333333333333333,0.5,0.1666666666666666,18
217,20220107,일반언론,0.290625,0.0890625,0.6203125,640.0,네이버금융,0.5,0.2777777777777778,0.2222222222222222,18
218,20220108,일반언론,0.31002331002331,0.0792540792540792,0.6107226107226107,429.0,네이버금융,0.5,0.3,0.2,20
219,20220109,,,,,,네이버금융,0.0,1.0,0.0,2
220,20220110,일반언론,0.3189368770764119,0.0863787375415282,0.5946843853820598,602.0,네이버금융,0.25,0.25,0.5,8
221,20220111,일반언론,0.2876712328767123,0.106544901065449,0.6057838660578386,657.0,네이버금융,0.3333333333333333,0.5833333333333334,0.0833333333333333,12
222,20220112,일반언론,0.2876304023845007,0.1162444113263785,0.5961251862891207,671.0,네이버금융,0.7222222222222222,0.0,0.2777777777777778,18
223,20220113,일반언론,0.3403614457831325,0.125,0.5346385542168675,664.0,네이버금융,0.2631578947368421,0.5263157894736842,0.2105263157894736,19
224,20220114,일반언론,0.3343558282208589,0.0981595092024539,0.5674846625766872,652.0,네이버금융,0.5882352941176471,0.1764705882352941,0.2352941176470588,17
225,20220115,일반언론,0.3364485981308411,0.0794392523364486,0.5841121495327103,428.0,네이버금융,0.7894736842105263,0.1578947368421052,0.0526315789473684,19
226,20220116,,,,,,네이버금융,1.0,0.0,0.0,3
227,20220117,일반언론,0.2875605815831987,0.1001615508885298,0.6122778675282714,619.0,네이버금융,0.1666666666666666,0.0,0.8333333333333334,6
228,20220118,일반언론,0.3013493253373313,0.0944527736131934,0.6041979010494752,667.0,네이버금융,0.6363636363636364,0.0,0.3636363636363636,11
229,20220119,일반언론,0.3143712574850299,0.1122754491017964,0.5733532934131736,668.0,네이버금융,0.4285714285714285,0.5,0.0714285714285714,14
230,20220120,일반언론,0.2871720116618075,0.1180758017492711,0.5947521865889213,686.0,네이버금융,0.25,0.5,0.25,16
231,20220121,일반언론,0.3235747303543914,0.086286594761171,0.5901386748844376,649.0,네이버금융,0.2352941176470588,0.5882352941176471,0.1764705882352941,17
232,20220122,일반언론,0.331002331002331,0.0652680652680652,0.6037296037296037,429.0,네이버금융,0.5,0.3,0.2,20
233,20220123,,,,,,네이버금융,1.0,0.0,0.0,2
234,20220124,일반언론,0.3069620253164557,0.1028481012658227,0.5901898734177216,632.0,네이버금융,0.0,0.0,1.0,6
235,20220125,일반언론,0.270893371757925,0.1426512968299711,0.5864553314121037,694.0,네이버금융,0.1538461538461538,0.4615384615384615,0.3846153846153846,13
236,20220126,일반언론,0.2950354609929078,0.1404255319148936,0.5645390070921986,705.0,네이버금융,0.4705882352941176,0.4117647058823529,0.1176470588235294,17
237,20220127,일반언론,0.3073463268365817,0.1409295352323838,0.5517241379310345,667.0,네이버금융,0.5789473684210527,0.1578947368421052,0.2631578947368421,19
238,20220128,일반언론,0.3053545586107091,0.1273516642547033,0.5672937771345875,691.0,네이버금융,0.8823529411764706,0.0,0.1176470588235294,17
239,20220129,일반언론,0.2729357798165137,0.0986238532110091,0.6284403669724771,436.0,네이버금융,0.7058823529411765,0.1764705882352941,0.1176470588235294,17
240,20220130,,,,,,네이버금융,1.0,0.0,0.0,3
241,20220131,일반언론,0.5384615384615384,0.0,0.4615384615384615,13.0,네이버금융,0.0,0.4,0.6,5
242,20220201,일반언론,0.5,0.25,0.25,12.0,네이버금융,0.25,0.6666666666666666,0.0833333333333333,12
243,20220202,일반언론,0.4166666666666667,0.1666666666666666,0.4166666666666667,12.0,네이버금융,0.4444444444444444,0.5,0.0555555555555555,18
244,20220203,일반언론,0.3092105263157895,0.1233552631578947,0.5674342105263158,608.0,네이버금융,0.4666666666666667,0.3333333333333333,0.2,15
245,20220204,일반언론,0.3516819571865443,0.0963302752293578,0.5519877675840978,654.0,네이버금융,0.6666666666666666,0.2777777777777778,0.0555555555555555,18
246,20220205,일반언론,0.3241206030150754,0.0804020100502512,0.5954773869346733,398.0,네이버금융,0.3157894736842105,0.5789473684210527,0.1052631578947368,19
247,20220206,,,,,,네이버금융,0.3333333333333333,0.6666666666666666,0.0,3
248,20220207,일반언론,0.2992125984251969,0.0929133858267716,0.6078740157480315,635.0,네이버금융,0.3333333333333333,0.1666666666666666,0.5,6
249,20220208,일반언론,0.2696296296296296,0.1051851851851851,0.6251851851851852,675.0,네이버금융,0.9090909090909092,0.0,0.0909090909090909,11
250,20220209,일반언론,0.2857142857142857,0.1024531024531024,0.6118326118326118,693.0,네이버금융,0.3684210526315789,0.3684210526315789,0.2631578947368421,19
251,20220210,일반언론,0.3103448275862069,0.1436781609195402,0.5459770114942529,696.0,네이버금융,0.6,0.2,0.2,20
252,20220211,일반언론,0.281767955801105,0.111878453038674,0.606353591160221,724.0,네이버금융,1.0,0.0,0.0,3
253,20220212,일반언론,0.3472527472527472,0.0879120879120879,0.5648351648351648,455.0,네이버금융,1.0,0.0,0.0,3
254,20220213,,,,,,네이버금융,0.0,1.0,0.0,2
255,20220214,일반언론,0.3096774193548387,0.1016129032258064,0.5887096774193549,620.0,네이버금융,0.25,0.0,0.75,4
256,20220215,일반언론,0.2602941176470588,0.1073529411764705,0.6323529411764706,680.0,네이버금융,0.3076923076923077,0.3846153846153846,0.3076923076923077,13
257,20220216,일반언론,0.3058470764617691,0.0794602698650674,0.6146926536731634,667.0,네이버금융,0.3529411764705882,0.4705882352941176,0.1764705882352941,17
258,20220217,일반언론,0.2786647314949201,0.1320754716981132,0.5892597968069666,689.0,네이버금융,0.6111111111111112,0.1666666666666666,0.2222222222222222,18
259,20220218,일반언론,0.3352601156069364,0.1069364161849711,0.5578034682080925,692.0,네이버금융,0.7333333333333333,0.2,0.0666666666666666,15
260,20220219,일반언론,0.3404761904761905,0.0809523809523809,0.5785714285714286,420.0,네이버금융,0.6666666666666666,0.2777777777777778,0.0555555555555555,18
261,20220220,,,,,,네이버금융,0.6666666666666666,0.3333333333333333,0.0,3
262,20220221,일반언론,0.3038585209003215,0.0868167202572347,0.6093247588424437,622.0,네이버금융,0.0,0.2857142857142857,0.7142857142857143,7
263,20220222,일반언론,0.2946175637393767,0.1147308781869688,0.5906515580736544,706.0,네이버금융,0.8461538461538461,0.0769230769230769,0.0769230769230769,13
264,20220223,일반언론,0.2968515742128935,0.1094452773613193,0.5937031484257871,667.0,네이버금융,0.8,0.15,0.05,20
265,20220224,일반언론,0.29,0.11,0.6,700.0,네이버금융,0.5294117647058824,0.2352941176470588,0.2352941176470588,17
266,20220225,일반언론,0.2942008486562942,0.0961810466760961,0.6096181046676096,707.0,네이버금융,0.5,0.3888888888888889,0.1111111111111111,18
267,20220226,일반언론,0.3612334801762114,0.1035242290748898,0.5352422907488987,454.0,네이버금융,0.8947368421052632,0.0,0.1052631578947368,19
268,20220227,,,,,,네이버금융,1.0,0.0,0.0,2
269,20220228,일반언론,0.3173076923076923,0.141025641025641,0.5416666666666666,624.0,네이버금융,0.25,0.5,0.25,4
270,20220301,일반언론,0.3720508166969147,0.0998185117967332,0.5281306715063521,551.0,네이버금융,0.6,0.0,0.4,5
271,20220302,일반언론,0.3580645161290323,0.0967741935483871,0.5451612903225806,620.0,네이버금융,0.15,0.7,0.15,20
272,20220303,일반언론,0.3108504398826979,0.064516129032258,0.624633431085044,682.0,네이버금융,0.4210526315789473,0.3684210526315789,0.2105263157894736,19
273,20220304,일반언론,0.2652173913043478,0.1478260869565217,0.5869565217391305,690.0,네이버금융,0.7777777777777778,0.1111111111111111,0.1111111111111111,18
274,20220305,일반언론,0.3449074074074074,0.0925925925925925,0.5625,432.0,네이버금융,0.7368421052631579,0.1578947368421052,0.1052631578947368,19
275,20220306,,,,,,네이버금융,0.5,0.5,0.0,2
276,20220307,일반언론,0.3639344262295082,0.1049180327868852,0.5311475409836065,610.0,네이버금융,0.625,0.0,0.375,8
277,20220308,일반언론,0.3303571428571428,0.1235119047619047,0.5461309523809523,672.0,네이버금융,0.6666666666666666,0.3333333333333333,0.0,12
278,20220309,일반언론,0.3013182674199623,0.1016949152542373,0.5969868173258004,531.0,네이버금융,0.7,0.2,0.1,20
279,20220310,일반언론,0.2801857585139319,0.1114551083591331,0.608359133126935,646.0,네이버금융,0.6842105263157895,0.1578947368421052,0.1578947368421052,19
280,20220311,일반언론,0.2593192868719611,0.119935170178282,0.6207455429497569,617.0,네이버금융,0.4705882352941176,0.5294117647058824,0.0,17
281,20220312,일반언론,0.3064876957494407,0.116331096196868,0.5771812080536913,447.0,네이버금융,0.2,0.65,0.15,20
282,20220313,,,,,,네이버금융,0.3333333333333333,0.0,0.6666666666666666,3
283,20220314,일반언론,0.2692939244663382,0.1297208538587849,0.6009852216748769,609.0,네이버금융,0.25,0.25,0.5,8
284,20220315,일반언론,0.2394160583941605,0.1138686131386861,0.6467153284671533,685.0,네이버금융,0.6923076923076923,0.0769230769230769,0.2307692307692307,13
285,20220316,일반언론,0.306547619047619,0.1101190476190476,0.5833333333333334,672.0,네이버금융,0.5,0.45,0.05,20
286,20220317,일반언론,0.2705530642750374,0.1121076233183856,0.617339312406577,669.0,네이버금융,0.5789473684210527,0.2631578947368421,0.1578947368421052,19
287,20220318,일반언론,0.2821270310192024,0.1196454948301329,0.5982274741506647,677.0,네이버금융,0.2777777777777778,0.5555555555555556,0.1666666666666666,18
288,20220319,일반언론,0.2813238770685579,0.0591016548463357,0.6595744680851063,423.0,네이버금융,0.85,0.0,0.15,20
289,20220320,,,,,,네이버금융,1.0,0.0,0.0,2
290,20220321,일반언론,0.2549923195084485,0.1274961597542242,0.6175115207373272,651.0,네이버금융,0.25,0.375,0.375,8
291,20220322,일반언론,0.2460202604920405,0.0926193921852387,0.6613603473227206,691.0,네이버금융,0.6923076923076923,0.2307692307692307,0.0769230769230769,13
292,20220323,일반언론,0.2439372325249643,0.1340941512125535,0.6219686162624821,701.0,네이버금융,0.4210526315789473,0.3157894736842105,0.2631578947368421,19
293,20220324,일반언론,0.2223738062755798,0.1050477489768076,0.6725784447476125,733.0,네이버금융,0.7777777777777778,0.2222222222222222,0.0,18
294,20220325,일반언론,0.2845070422535211,0.0971830985915492,0.6183098591549295,710.0,네이버금융,0.5555555555555556,0.3333333333333333,0.1111111111111111,18
295,20220326,일반언론,0.2903225806451613,0.0967741935483871,0.6129032258064516,434.0,네이버금융,0.4444444444444444,0.4444444444444444,0.1111111111111111,18
296,20220327,,,,,,네이버금융,0.0,0.5,0.5,2
297,20220328,일반언론,0.2511485451761102,0.1041347626339969,0.6447166921898928,653.0,네이버금융,0.125,0.0,0.875,8
298,20220329,일반언론,0.2507418397626113,0.1142433234421365,0.6350148367952523,674.0,네이버금융,0.3846153846153846,0.3076923076923077,0.3076923076923077,13
299,20220330,일반언론,0.2638483965014577,0.1064139941690962,0.6297376093294461,686.0,네이버금융,0.5,0.4,0.1,20
300,20220331,일반언론,0.2555720653789004,0.1054977711738484,0.6389301634472511,673.0,네이버금융,0.8333333333333334,0.1111111111111111,0.0555555555555555,18
301,20220401,일반언론,0.2740740740740741,0.1214814814814814,0.6044444444444445,675.0,네이버금융,0.2941176470588235,0.4705882352941176,0.2352941176470588,17
302,20220402,일반언론,0.2914798206278027,0.1233183856502242,0.5852017937219731,446.0,네이버금융,0.2631578947368421,0.5789473684210527,0.1578947368421052,19
303,20220404,일반언론,0.2675367047308319,0.1109298531810766,0.6215334420880914,613.0,네이버금융,0.0,0.2857142857142857,0.7142857142857143,7
304,20220405,일반언론,0.2644230769230769,0.1153846153846153,0.6201923076923077,624.0,네이버금융,0.25,0.6666666666666666,0.0833333333333333,12
305,20220406,일반언론,0.2899686520376175,0.0987460815047022,0.6112852664576802,638.0,네이버금융,0.2777777777777778,0.6666666666666666,0.0555555555555555,18
306,20220407,일반언론,0.2766272189349112,0.1198224852071005,0.6035502958579881,676.0,네이버금융,0.1875,0.625,0.1875,16
307,20220408,일반언론,0.2841945288753799,0.1382978723404255,0.5775075987841946,658.0,네이버금융,0.3529411764705882,0.5294117647058824,0.1176470588235294,17
308,20220409,일반언론,0.3064133016627078,0.0926365795724465,0.6009501187648456,421.0,네이버금융,0.4444444444444444,0.5,0.0555555555555555,18
309,20220410,,,,,,네이버금융,0.5,0.5,0.0,2
310,20220411,일반언론,0.2424242424242424,0.1068580542264752,0.6507177033492823,627.0,네이버금융,0.0,0.8571428571428571,0.1428571428571428,7
311,20220412,일반언론,0.2895522388059701,0.1104477611940298,0.6,670.0,네이버금융,0.0833333333333333,0.6666666666666666,0.25,12
312,20220413,일반언론,0.3013698630136986,0.1004566210045662,0.5981735159817352,657.0,네이버금융,0.3684210526315789,0.3684210526315789,0.2631578947368421,19
313,20220414,일반언론,0.2433234421364985,0.1127596439169139,0.6439169139465876,674.0,네이버금융,0.4210526315789473,0.4210526315789473,0.1578947368421052,19
314,20220415,일반언론,0.2647887323943662,0.1239436619718309,0.6112676056338028,710.0,네이버금융,0.5,0.3,0.2,20
315,20220416,일반언론,0.2636363636363636,0.1022727272727272,0.634090909090909,440.0,네이버금융,0.1578947368421052,0.7894736842105263,0.0526315789473684,19
316,20220417,,,,,,네이버금융,0.0,1.0,0.0,3
317,20220418,일반언론,0.3087248322147651,0.098993288590604,0.5922818791946308,596.0,네이버금융,0.0,0.8333333333333334,0.1666666666666666,6
318,20220419,일반언론,0.2503617945007236,0.0969609261939218,0.6526772793053546,691.0,네이버금융,0.6923076923076923,0.0769230769230769,0.2307692307692307,13
319,20220420,일반언론,0.3021472392638036,0.107361963190184,0.5904907975460123,652.0,네이버금융,0.5555555555555556,0.4444444444444444,0.0,18
320,20220421,일반언론,0.2715328467153284,0.1065693430656934,0.621897810218978,685.0,네이버금융,0.95,0.0,0.05,20
321,20220422,일반언론,0.2900763358778626,0.1129770992366412,0.5969465648854961,655.0,네이버금융,0.3888888888888889,0.5,0.1111111111111111,18
322,20220423,일반언론,0.2801822323462414,0.0751708428246013,0.6446469248291572,439.0,네이버금융,0.4444444444444444,0.3333333333333333,0.2222222222222222,18
323,20220424,,,,,,네이버금융,0.3333333333333333,0.6666666666666666,0.0,3
324,20220425,일반언론,0.2724358974358974,0.1041666666666666,0.6233974358974359,624.0,네이버금융,0.0,0.7142857142857143,0.2857142857142857,7
325,20220426,일반언론,0.2696793002915452,0.119533527696793,0.6107871720116618,686.0,네이버금융,0.2307692307692307,0.6153846153846154,0.1538461538461538,13
326,20220427,일반언론,0.3179723502304147,0.1013824884792626,0.5806451612903226,651.0,네이버금융,0.631578947368421,0.2631578947368421,0.1052631578947368,19
327,20220428,일반언론,0.2492581602373887,0.1335311572700296,0.6172106824925816,674.0,네이버금융,0.631578947368421,0.2631578947368421,0.1052631578947368,19
328,20220429,일반언론,0.3265306122448979,0.1067503924646781,0.5667189952904239,637.0,네이버금융,0.7058823529411765,0.1764705882352941,0.1176470588235294,17
329,20220430,일반언론,0.3026905829596412,0.0941704035874439,0.6031390134529148,446.0,네이버금융,0.4736842105263157,0.2105263157894736,0.3157894736842105,19
330,20220501,,,,,,네이버금융,0.5,0.5,0.0,2
331,20220502,일반언론,0.3054545454545455,0.0854545454545454,0.6090909090909091,550.0,네이버금융,0.2857142857142857,0.0,0.7142857142857143,7
332,20220503,일반언론,0.2784256559766764,0.1122448979591836,0.60932944606414,686.0,네이버금융,0.8461538461538461,0.0,0.1538461538461538,13
333,20220504,일반언론,0.2912912912912913,0.1081081081081081,0.6006006006006006,666.0,네이버금융,0.2352941176470588,0.4705882352941176,0.2941176470588235,17
334,20220505,일반언론,0.3048327137546468,0.1003717472118959,0.5947955390334573,538.0,네이버금융,1.0,0.0,0.0,3
335,20220506,일반언론,0.2831715210355987,0.1197411003236245,0.5970873786407767,618.0,네이버금융,0.3888888888888889,0.5,0.1111111111111111,18
336,20220507,일반언론,0.2867132867132867,0.0862470862470862,0.627039627039627,429.0,네이버금융,0.2631578947368421,0.4736842105263157,0.2631578947368421,19
337,20220508,,,,,,네이버금융,0.5,0.5,0.0,2
338,20220509,일반언론,0.2949389179755672,0.0959860383944153,0.6090750436300174,573.0,네이버금융,0.1428571428571428,0.4285714285714285,0.4285714285714285,7
339,20220510,일반언론,0.2488188976377952,0.1102362204724409,0.6409448818897637,635.0,네이버금융,0.3,0.5,0.2,10
340,20220511,일반언론,0.217910447761194,0.1313432835820895,0.6507462686567164,670.0,네이버금융,0.8421052631578947,0.1052631578947368,0.0526315789473684,19
341,20220512,일반언론,0.2863636363636364,0.106060606060606,0.6075757575757575,660.0,네이버금융,0.8888888888888888,0.0,0.1111111111111111,18
342,20220513,일반언론,0.3154670750382848,0.1087289433384379,0.5758039816232772,653.0,네이버금융,0.8888888888888888,0.1111111111111111,0.0,18
343,20220514,일반언론,0.34,0.1088888888888888,0.5511111111111111,450.0,네이버금융,0.1764705882352941,0.7647058823529411,0.0588235294117647,17
344,20220515,,,,,,네이버금융,0.0,0.6666666666666666,0.3333333333333333,3
345,20220516,일반언론,0.3098827470686767,0.1055276381909547,0.5845896147403685,597.0,네이버금융,0.4285714285714285,0.2857142857142857,0.2857142857142857,7
346,20220517,일반언론,0.2789968652037617,0.1144200626959247,0.6065830721003135,638.0,네이버금융,0.6153846153846154,0.2307692307692307,0.1538461538461538,13
347,20220518,일반언론,0.2770700636942675,0.0939490445859872,0.6289808917197452,628.0,네이버금융,0.5555555555555556,0.3333333333333333,0.1111111111111111,18
348,20220519,일반언론,0.2515243902439024,0.1265243902439024,0.6219512195121951,656.0,네이버금융,1.0,0.0,0.0,5
349,20220520,일반언론,0.3090638930163447,0.1069836552748885,0.5839524517087668,673.0,네이버금융,0.95,0.05,0.0,20
350,20220521,일반언론,0.2423580786026201,0.1069868995633187,0.6506550218340611,458.0,네이버금융,0.3888888888888889,0.3333333333333333,0.2777777777777778,18
351,20220522,,,,,,네이버금융,0.6666666666666666,0.3333333333333333,0.0,3
352,20220523,일반언론,0.250788643533123,0.1514195583596214,0.5977917981072555,634.0,네이버금융,0.7142857142857143,0.0,0.2857142857142857,7
353,20220524,일반언론,0.2429906542056074,0.1308411214953271,0.6261682242990654,642.0,네이버금융,1.0,0.0,0.0,12
354,20220525,일반언론,0.2522388059701492,0.1119402985074626,0.6358208955223881,670.0,네이버금융,0.2,0.65,0.15,20
355,20220526,일반언론,0.2844574780058651,0.1055718475073313,0.6099706744868035,682.0,네이버금융,0.7894736842105263,0.1578947368421052,0.0526315789473684,19
356,20220527,일반언론,0.2548476454293629,0.1204986149584487,0.6246537396121884,722.0,네이버금융,0.4736842105263157,0.2105263157894736,0.3157894736842105,19
357,20220528,일반언론,0.3068181818181818,0.0863636363636363,0.6068181818181818,440.0,네이버금융,0.5555555555555556,0.3333333333333333,0.1111111111111111,18
358,20220529,,,,,,네이버금융,0.0,0.5,0.5,2
359,20220530,일반언론,0.2437106918238993,0.1446540880503144,0.6116352201257862,636.0,네이버금융,0.1428571428571428,0.5714285714285714,0.2857142857142857,7
360,20220531,일반언론,0.2098009188361408,0.1454823889739663,0.6447166921898928,653.0,네이버금융,0.3076923076923077,0.6153846153846154,0.0769230769230769,13
361,20220601,일반언론,0.3306122448979592,0.0693877551020408,0.6,490.0,네이버금융,0.3571428571428571,0.5,0.1428571428571428,14
362,20220602,일반언론,0.2780656303972366,0.1260794473229706,0.5958549222797928,579.0,네이버금융,0.5,0.3888888888888889,0.1111111111111111,18
363,20220603,일반언론,0.2432432432432432,0.1319554848966613,0.6248012718600954,629.0,네이버금융,0.1578947368421052,0.7368421052631579,0.1052631578947368,19
364,20220604,일반언론,0.2466367713004484,0.0986547085201793,0.6547085201793722,446.0,네이버금융,0.7894736842105263,0.1052631578947368,0.1052631578947368,19
365,20220605,,,,,,네이버금융,0.0,1.0,0.0,2
366,20220606,일반언론,0.3691983122362869,0.0886075949367088,0.5421940928270043,474.0,네이버금융,0.25,0.25,0.5,8
367,20220607,일반언론,0.2973421926910299,0.1112956810631229,0.5913621262458472,602.0,네이버금융,0.6153846153846154,0.3846153846153846,0.0,13
368,20220608,일반언론,0.2848101265822785,0.0949367088607595,0.620253164556962,632.0,네이버금융,0.55,0.1,0.35,20
369,20220609,일반언론,0.2876106194690265,0.1224188790560472,0.5899705014749262,678.0,네이버금융,0.625,0.1875,0.1875,16
370,20220610,일반언론,0.3167701863354037,0.108695652173913,0.5745341614906833,644.0,네이버금융,0.631578947368421,0.0526315789473684,0.3157894736842105,19
371,20220611,일반언론,0.3476297968397291,0.0609480812641083,0.5914221218961625,443.0,네이버금융,0.5263157894736842,0.3157894736842105,0.1578947368421052,19
372,20220612,,,,,,네이버금융,0.3333333333333333,0.6666666666666666,0.0,3
373,20220613,일반언론,0.3066666666666666,0.0966666666666666,0.5966666666666667,600.0,네이버금융,0.2857142857142857,0.0,0.7142857142857143,7
374,20220614,일반언론,0.336890243902439,0.1021341463414634,0.5609756097560976,656.0,네이버금융,0.5,0.25,0.25,12
375,20220615,일반언론,0.2786624203821656,0.1194267515923566,0.6019108280254777,628.0,네이버금융,0.3,0.5,0.2,20
376,20220616,일반언론,0.2995461422087745,0.1028744326777609,0.5975794251134644,661.0,네이버금융,0.2631578947368421,0.4210526315789473,0.3157894736842105,19
377,20220617,일반언론,0.3100890207715133,0.0890207715133531,0.6008902077151336,674.0,네이버금융,0.5,0.2222222222222222,0.2777777777777778,18
378,20220618,일반언론,0.3538812785388128,0.0753424657534246,0.5707762557077626,438.0,네이버금융,0.4736842105263157,0.2631578947368421,0.2631578947368421,19
379,20220619,,,,,,네이버금융,1.0,0.0,0.0,3
380,20220620,일반언론,0.2864238410596026,0.1225165562913907,0.5910596026490066,604.0,네이버금융,0.0,0.5714285714285714,0.4285714285714285,7
381,20220621,일반언론,0.3217522658610272,0.107250755287009,0.5709969788519638,662.0,네이버금융,0.75,0.1666666666666666,0.0833333333333333,12
382,20220622,일반언론,0.2698650674662669,0.1259370314842578,0.6041979010494752,667.0,네이버금융,0.3,0.5,0.2,20
383,20220623,일반언론,0.292022792022792,0.1239316239316239,0.584045584045584,702.0,네이버금융,0.4736842105263157,0.4736842105263157,0.0526315789473684,19
384,20220624,일반언론,0.3072289156626506,0.1039156626506024,0.588855421686747,664.0,네이버금융,0.7,0.15,0.15,20
385,20220625,일반언론,0.3195402298850575,0.0873563218390804,0.593103448275862,435.0,네이버금융,0.4705882352941176,0.4705882352941176,0.0588235294117647,17
386,20220626,,,,,,네이버금융,0.5,0.5,0.0,2
387,20220627,일반언론,0.3013029315960912,0.0798045602605863,0.6188925081433225,614.0,네이버금융,0.0,0.8,0.2,5
388,20220628,일반언론,0.3016344725111441,0.0936106983655274,0.6047548291233283,673.0,네이버금융,0.4166666666666667,0.25,0.3333333333333333,12
389,20220629,일반언론,0.3021148036253776,0.1087613293051359,0.5891238670694864,662.0,네이버금융,0.5,0.25,0.25,20
390,20220630,일반언론,0.2815533980582524,0.1181229773462783,0.6003236245954693,618.0,네이버금융,0.5263157894736842,0.4210526315789473,0.0526315789473684,19
